/*
 Navicat Premium Data Transfer

 Source Server         : localhost
 Source Server Type    : MySQL
 Source Server Version : 50726
 Source Host           : localhost:3306
 Source Schema         : ry-vue

 Target Server Type    : MySQL
 Target Server Version : 50726
 File Encoding         : 65001

 Date: 08/02/2023 23:39:07
*/

SET NAMES utf8mb4;
SET FOREIGN_KEY_CHECKS = 0;

-- ----------------------------
-- Table structure for gen_table
-- ----------------------------
DROP TABLE IF EXISTS `gen_table`;
CREATE TABLE `gen_table`  (
  `table_id` bigint(20) NOT NULL AUTO_INCREMENT COMMENT '编号',
  `table_name` varchar(200) CHARACTER SET utf8mb4 COLLATE utf8mb4_general_ci NULL DEFAULT '' COMMENT '表名称',
  `table_comment` varchar(500) CHARACTER SET utf8mb4 COLLATE utf8mb4_general_ci NULL DEFAULT '' COMMENT '表描述',
  `sub_table_name` varchar(64) CHARACTER SET utf8mb4 COLLATE utf8mb4_general_ci NULL DEFAULT NULL COMMENT '关联子表的表名',
  `sub_table_fk_name` varchar(64) CHARACTER SET utf8mb4 COLLATE utf8mb4_general_ci NULL DEFAULT NULL COMMENT '子表关联的外键名',
  `class_name` varchar(100) CHARACTER SET utf8mb4 COLLATE utf8mb4_general_ci NULL DEFAULT '' COMMENT '实体类名称',
  `tpl_category` varchar(200) CHARACTER SET utf8mb4 COLLATE utf8mb4_general_ci NULL DEFAULT 'crud' COMMENT '使用的模板（crud单表操作 tree树表操作）',
  `package_name` varchar(100) CHARACTER SET utf8mb4 COLLATE utf8mb4_general_ci NULL DEFAULT NULL COMMENT '生成包路径',
  `module_name` varchar(30) CHARACTER SET utf8mb4 COLLATE utf8mb4_general_ci NULL DEFAULT NULL COMMENT '生成模块名',
  `business_name` varchar(30) CHARACTER SET utf8mb4 COLLATE utf8mb4_general_ci NULL DEFAULT NULL COMMENT '生成业务名',
  `function_name` varchar(50) CHARACTER SET utf8mb4 COLLATE utf8mb4_general_ci NULL DEFAULT NULL COMMENT '生成功能名',
  `function_author` varchar(50) CHARACTER SET utf8mb4 COLLATE utf8mb4_general_ci NULL DEFAULT NULL COMMENT '生成功能作者',
  `gen_type` char(1) CHARACTER SET utf8mb4 COLLATE utf8mb4_general_ci NULL DEFAULT '0' COMMENT '生成代码方式（0zip压缩包 1自定义路径）',
  `gen_path` varchar(200) CHARACTER SET utf8mb4 COLLATE utf8mb4_general_ci NULL DEFAULT '/' COMMENT '生成路径（不填默认项目路径）',
  `options` varchar(1000) CHARACTER SET utf8mb4 COLLATE utf8mb4_general_ci NULL DEFAULT NULL COMMENT '其它生成选项',
  `create_by` varchar(64) CHARACTER SET utf8mb4 COLLATE utf8mb4_general_ci NULL DEFAULT '' COMMENT '创建者',
  `create_time` datetime(0) NULL DEFAULT NULL COMMENT '创建时间',
  `update_by` varchar(64) CHARACTER SET utf8mb4 COLLATE utf8mb4_general_ci NULL DEFAULT '' COMMENT '更新者',
  `update_time` datetime(0) NULL DEFAULT NULL COMMENT '更新时间',
  `remark` varchar(500) CHARACTER SET utf8mb4 COLLATE utf8mb4_general_ci NULL DEFAULT NULL COMMENT '备注',
  PRIMARY KEY (`table_id`) USING BTREE
) ENGINE = InnoDB AUTO_INCREMENT = 13 CHARACTER SET = utf8mb4 COLLATE = utf8mb4_general_ci COMMENT = '代码生成业务表' ROW_FORMAT = Dynamic;

-- ----------------------------
-- Records of gen_table
-- ----------------------------
INSERT INTO `gen_table` VALUES (11, 'test_student', '学生信息表', NULL, NULL, 'TestStudent', 'crud', 'com.ruoyi.admin', 'test', 'student', '学生信息', 'ruoyi', '1', 'D:\\work\\study\\java\\RuoYi-Vue\\ruoyi-admin\\src', '{\"parentMenuId\":\"2012\"}', 'admin', '2023-01-10 21:34:57', '', '2023-01-10 23:00:31', NULL);

-- ----------------------------
-- Table structure for gen_table_column
-- ----------------------------
DROP TABLE IF EXISTS `gen_table_column`;
CREATE TABLE `gen_table_column`  (
  `column_id` bigint(20) NOT NULL AUTO_INCREMENT COMMENT '编号',
  `table_id` varchar(64) CHARACTER SET utf8mb4 COLLATE utf8mb4_general_ci NULL DEFAULT NULL COMMENT '归属表编号',
  `column_name` varchar(200) CHARACTER SET utf8mb4 COLLATE utf8mb4_general_ci NULL DEFAULT NULL COMMENT '列名称',
  `column_comment` varchar(500) CHARACTER SET utf8mb4 COLLATE utf8mb4_general_ci NULL DEFAULT NULL COMMENT '列描述',
  `column_type` varchar(100) CHARACTER SET utf8mb4 COLLATE utf8mb4_general_ci NULL DEFAULT NULL COMMENT '列类型',
  `java_type` varchar(500) CHARACTER SET utf8mb4 COLLATE utf8mb4_general_ci NULL DEFAULT NULL COMMENT 'JAVA类型',
  `java_field` varchar(200) CHARACTER SET utf8mb4 COLLATE utf8mb4_general_ci NULL DEFAULT NULL COMMENT 'JAVA字段名',
  `is_pk` char(1) CHARACTER SET utf8mb4 COLLATE utf8mb4_general_ci NULL DEFAULT NULL COMMENT '是否主键（1是）',
  `is_increment` char(1) CHARACTER SET utf8mb4 COLLATE utf8mb4_general_ci NULL DEFAULT NULL COMMENT '是否自增（1是）',
  `is_required` char(1) CHARACTER SET utf8mb4 COLLATE utf8mb4_general_ci NULL DEFAULT NULL COMMENT '是否必填（1是）',
  `is_export` char(1) CHARACTER SET utf8mb4 COLLATE utf8mb4_general_ci NULL DEFAULT NULL COMMENT '是否为导出字段（1是）',
  `is_edit` char(1) CHARACTER SET utf8mb4 COLLATE utf8mb4_general_ci NULL DEFAULT NULL COMMENT '是否编辑字段（1是）',
  `is_list` char(1) CHARACTER SET utf8mb4 COLLATE utf8mb4_general_ci NULL DEFAULT NULL COMMENT '是否列表字段（1是）',
  `is_query` char(1) CHARACTER SET utf8mb4 COLLATE utf8mb4_general_ci NULL DEFAULT NULL COMMENT '是否查询字段（1是）',
  `query_type` varchar(200) CHARACTER SET utf8mb4 COLLATE utf8mb4_general_ci NULL DEFAULT 'EQ' COMMENT '查询方式（等于、不等于、大于、小于、范围）',
  `html_type` varchar(200) CHARACTER SET utf8mb4 COLLATE utf8mb4_general_ci NULL DEFAULT NULL COMMENT '显示类型（文本框、文本域、下拉框、复选框、单选框、日期控件）',
  `dict_type` varchar(200) CHARACTER SET utf8mb4 COLLATE utf8mb4_general_ci NULL DEFAULT '' COMMENT '字典类型',
  `sort` int(11) NULL DEFAULT NULL COMMENT '排序',
  `create_by` varchar(64) CHARACTER SET utf8mb4 COLLATE utf8mb4_general_ci NULL DEFAULT '' COMMENT '创建者',
  `create_time` datetime(0) NULL DEFAULT NULL COMMENT '创建时间',
  `update_by` varchar(64) CHARACTER SET utf8mb4 COLLATE utf8mb4_general_ci NULL DEFAULT '' COMMENT '更新者',
  `update_time` datetime(0) NULL DEFAULT NULL COMMENT '更新时间',
  PRIMARY KEY (`column_id`) USING BTREE
) ENGINE = InnoDB AUTO_INCREMENT = 127 CHARACTER SET = utf8mb4 COLLATE = utf8mb4_general_ci COMMENT = '代码生成业务表字段' ROW_FORMAT = Dynamic;

-- ----------------------------
-- Records of gen_table_column
-- ----------------------------
INSERT INTO `gen_table_column` VALUES (104, '11', 'id', '编号', 'int(11)', 'Long', 'id', '1', '1', NULL, '1', NULL, '1', NULL, 'EQ', 'input', '', 1, 'admin', '2023-01-10 21:34:57', '', '2023-02-06 20:38:58');
INSERT INTO `gen_table_column` VALUES (105, '11', 'student_name', '学生名称', 'varchar(30)', 'String', 'studentName', '0', '0', '1', '1', '1', '1', '1', 'LIKE', 'input', '', 2, 'admin', '2023-01-10 21:34:57', '', '2023-02-06 20:38:58');
INSERT INTO `gen_table_column` VALUES (106, '11', 'student_age', '年龄', 'int(3)', 'Integer', 'studentAge', '0', '0', NULL, '1', '1', '1', '1', 'EQ', 'input', '', 3, 'admin', '2023-01-10 21:34:57', '', '2023-02-06 20:38:58');
INSERT INTO `gen_table_column` VALUES (107, '11', 'student_hobby', '爱好（0代码 1音乐 2电影）', 'tinyint(1)', 'Integer', 'studentHobby', '0', '0', NULL, '1', '1', '1', '1', 'EQ', 'input', '', 4, 'admin', '2023-01-10 21:34:57', '', '2023-02-06 20:38:58');
INSERT INTO `gen_table_column` VALUES (108, '11', 'student_sex', '性别（0男 1女 2未知）', 'tinyint(1)', 'Integer', 'studentSex', '0', '0', '1', '1', '1', '1', '1', 'EQ', 'select', 'sys_user_sex', 5, 'admin', '2023-01-10 21:34:57', '', '2023-02-06 20:38:58');
INSERT INTO `gen_table_column` VALUES (109, '11', 'student_status', '状态（0正常 1停用）', 'tinyint(1)', 'Integer', 'studentStatus', '0', '0', '1', '1', '1', '1', '1', 'EQ', 'select', 'sys_normal_disable', 6, 'admin', '2023-01-10 21:34:57', '', '2023-02-06 20:38:58');
INSERT INTO `gen_table_column` VALUES (110, '11', 'student_birthday', '生日', 'datetime', 'Date', 'studentBirthday', '0', '0', NULL, '1', '1', '1', '1', 'BETWEEN', 'datetime', '', 7, 'admin', '2023-01-10 21:34:57', '', '2023-02-06 20:38:58');
INSERT INTO `gen_table_column` VALUES (111, '11', 'create_time', '创建时间', 'datetime', 'Date', 'createTime', '0', '0', '1', '1', NULL, '1', '0', 'BETWEEN', 'datetime', '', 8, 'admin', '2023-01-10 21:34:57', '', '2023-02-06 20:38:58');
INSERT INTO `gen_table_column` VALUES (112, '11', 'update_time', '更新时间', 'datetime', 'Date', 'updateTime', '0', '0', NULL, '1', NULL, NULL, NULL, 'EQ', 'datetime', '', 9, 'admin', '2023-01-10 21:34:57', '', '2023-02-06 20:38:58');
INSERT INTO `gen_table_column` VALUES (113, '11', 'delete_time', '删除时间', 'datetime', 'Date', 'deleteTime', '0', '0', NULL, '1', NULL, NULL, NULL, 'EQ', 'datetime', '', 10, 'admin', '2023-01-10 21:34:57', '', '2023-02-06 20:38:58');
INSERT INTO `gen_table_column` VALUES (114, '11', 'create_by', '创建人', 'varchar(100)', 'String', 'createBy', '0', '0', NULL, '1', NULL, NULL, NULL, 'EQ', 'input', '', 11, 'admin', '2023-01-10 21:34:57', '', '2023-02-06 20:38:58');
INSERT INTO `gen_table_column` VALUES (115, '11', 'update_by', '更新人', 'varchar(100)', 'String', 'updateBy', '0', '0', NULL, '1', NULL, NULL, NULL, 'EQ', 'input', '', 12, 'admin', '2023-01-10 21:34:57', '', '2023-02-06 20:38:58');

-- ----------------------------
-- Table structure for sys_config
-- ----------------------------
DROP TABLE IF EXISTS `sys_config`;
CREATE TABLE `sys_config`  (
  `config_id` int(5) NOT NULL AUTO_INCREMENT COMMENT '参数主键',
  `config_name` varchar(100) CHARACTER SET utf8mb4 COLLATE utf8mb4_general_ci NULL DEFAULT '' COMMENT '参数名称',
  `config_key` varchar(100) CHARACTER SET utf8mb4 COLLATE utf8mb4_general_ci NULL DEFAULT '' COMMENT '参数键名',
  `config_value` varchar(500) CHARACTER SET utf8mb4 COLLATE utf8mb4_general_ci NULL DEFAULT '' COMMENT '参数键值',
  `config_type` char(1) CHARACTER SET utf8mb4 COLLATE utf8mb4_general_ci NULL DEFAULT 'N' COMMENT '系统内置（Y是 N否）',
  `create_by` varchar(64) CHARACTER SET utf8mb4 COLLATE utf8mb4_general_ci NULL DEFAULT '' COMMENT '创建者',
  `create_time` datetime(0) NULL DEFAULT NULL COMMENT '创建时间',
  `update_by` varchar(64) CHARACTER SET utf8mb4 COLLATE utf8mb4_general_ci NULL DEFAULT '' COMMENT '更新者',
  `update_time` datetime(0) NULL DEFAULT NULL COMMENT '更新时间',
  `remark` varchar(500) CHARACTER SET utf8mb4 COLLATE utf8mb4_general_ci NULL DEFAULT NULL COMMENT '备注',
  PRIMARY KEY (`config_id`) USING BTREE
) ENGINE = InnoDB AUTO_INCREMENT = 6 CHARACTER SET = utf8mb4 COLLATE = utf8mb4_general_ci COMMENT = '参数配置表' ROW_FORMAT = Dynamic;

-- ----------------------------
-- Records of sys_config
-- ----------------------------
INSERT INTO `sys_config` VALUES (1, '主框架页-默认皮肤样式名称', 'sys.index.skinName', 'skin-yellow', 'Y', 'admin', '2023-01-05 20:54:09', 'admin', '2023-01-05 22:05:38', '蓝色 skin-blue、绿色 skin-green、紫色 skin-purple、红色 skin-red、黄色 skin-yellow');
INSERT INTO `sys_config` VALUES (2, '用户管理-账号初始密码', 'sys.user.initPassword', '123456', 'Y', 'admin', '2023-01-05 20:54:09', '', NULL, '初始化密码 123456');
INSERT INTO `sys_config` VALUES (3, '主框架页-侧边栏主题', 'sys.index.sideTheme', 'theme-dark', 'Y', 'admin', '2023-01-05 20:54:09', 'admin', '2023-01-05 22:06:51', '深色主题theme-dark，浅色主题theme-light');
INSERT INTO `sys_config` VALUES (4, '账号自助-验证码开关', 'sys.account.captchaEnabled', 'true', 'Y', 'admin', '2023-01-05 20:54:09', '', NULL, '是否开启验证码功能（true开启，false关闭）');
INSERT INTO `sys_config` VALUES (5, '账号自助-是否开启用户注册功能', 'sys.account.registerUser', 'true', 'Y', 'admin', '2023-01-05 20:54:09', 'admin', '2023-02-08 23:23:46', '是否开启注册用户功能（true开启，false关闭）');

-- ----------------------------
-- Table structure for sys_dept
-- ----------------------------
DROP TABLE IF EXISTS `sys_dept`;
CREATE TABLE `sys_dept`  (
  `dept_id` bigint(20) NOT NULL AUTO_INCREMENT COMMENT '部门id',
  `parent_id` bigint(20) NULL DEFAULT 0 COMMENT '父部门id',
  `ancestors` varchar(50) CHARACTER SET utf8mb4 COLLATE utf8mb4_general_ci NULL DEFAULT '' COMMENT '祖级列表',
  `dept_name` varchar(30) CHARACTER SET utf8mb4 COLLATE utf8mb4_general_ci NULL DEFAULT '' COMMENT '部门名称',
  `order_num` int(4) NULL DEFAULT 0 COMMENT '显示顺序',
  `leader` varchar(20) CHARACTER SET utf8mb4 COLLATE utf8mb4_general_ci NULL DEFAULT NULL COMMENT '负责人',
  `phone` varchar(11) CHARACTER SET utf8mb4 COLLATE utf8mb4_general_ci NULL DEFAULT NULL COMMENT '联系电话',
  `email` varchar(50) CHARACTER SET utf8mb4 COLLATE utf8mb4_general_ci NULL DEFAULT NULL COMMENT '邮箱',
  `status` char(1) CHARACTER SET utf8mb4 COLLATE utf8mb4_general_ci NULL DEFAULT '0' COMMENT '部门状态（0正常 1停用）',
  `del_flag` char(1) CHARACTER SET utf8mb4 COLLATE utf8mb4_general_ci NULL DEFAULT '0' COMMENT '删除标志（0代表存在 2代表删除）',
  `create_by` varchar(64) CHARACTER SET utf8mb4 COLLATE utf8mb4_general_ci NULL DEFAULT '' COMMENT '创建者',
  `create_time` datetime(0) NULL DEFAULT NULL COMMENT '创建时间',
  `update_by` varchar(64) CHARACTER SET utf8mb4 COLLATE utf8mb4_general_ci NULL DEFAULT '' COMMENT '更新者',
  `update_time` datetime(0) NULL DEFAULT NULL COMMENT '更新时间',
  PRIMARY KEY (`dept_id`) USING BTREE
) ENGINE = InnoDB AUTO_INCREMENT = 110 CHARACTER SET = utf8mb4 COLLATE = utf8mb4_general_ci COMMENT = '部门表' ROW_FORMAT = Dynamic;

-- ----------------------------
-- Records of sys_dept
-- ----------------------------
INSERT INTO `sys_dept` VALUES (100, 0, '0', '运捷迅', 0, NULL, NULL, NULL, '0', '0', 'admin', '2023-01-05 20:54:08', 'admin', '2023-02-08 23:21:08');
INSERT INTO `sys_dept` VALUES (101, 100, '0,100', '深圳总公司', 1, NULL, NULL, NULL, '0', '0', 'admin', '2023-01-05 20:54:08', '', NULL);
INSERT INTO `sys_dept` VALUES (102, 100, '0,100', '广州分公司', 2, NULL, NULL, NULL, '0', '0', 'admin', '2023-01-05 20:54:08', 'admin', '2023-02-08 23:21:27');
INSERT INTO `sys_dept` VALUES (103, 101, '0,100,101', '研发部门', 1, NULL, NULL, NULL, '0', '0', 'admin', '2023-01-05 20:54:08', '', NULL);
INSERT INTO `sys_dept` VALUES (104, 101, '0,100,101', '市场部门', 2, NULL, NULL, NULL, '0', '0', 'admin', '2023-01-05 20:54:08', '', NULL);
INSERT INTO `sys_dept` VALUES (105, 101, '0,100,101', '测试部门', 3, NULL, NULL, NULL, '0', '0', 'admin', '2023-01-05 20:54:08', '', NULL);
INSERT INTO `sys_dept` VALUES (106, 101, '0,100,101', '财务部门', 4, NULL, NULL, NULL, '0', '0', 'admin', '2023-01-05 20:54:08', '', NULL);
INSERT INTO `sys_dept` VALUES (107, 101, '0,100,101', '运维部门', 5, NULL, NULL, NULL, '0', '0', 'admin', '2023-01-05 20:54:08', '', NULL);
INSERT INTO `sys_dept` VALUES (108, 102, '0,100,102', '市场部门', 1, NULL, NULL, NULL, '0', '0', 'admin', '2023-01-05 20:54:08', '', NULL);
INSERT INTO `sys_dept` VALUES (109, 102, '0,100,102', '财务部门', 2, NULL, NULL, NULL, '0', '0', 'admin', '2023-01-05 20:54:08', '', NULL);

-- ----------------------------
-- Table structure for sys_dict_data
-- ----------------------------
DROP TABLE IF EXISTS `sys_dict_data`;
CREATE TABLE `sys_dict_data`  (
  `dict_code` bigint(20) NOT NULL AUTO_INCREMENT COMMENT '字典编码',
  `dict_sort` int(4) NULL DEFAULT 0 COMMENT '字典排序',
  `dict_label` varchar(100) CHARACTER SET utf8mb4 COLLATE utf8mb4_general_ci NULL DEFAULT '' COMMENT '字典标签',
  `dict_value` varchar(100) CHARACTER SET utf8mb4 COLLATE utf8mb4_general_ci NULL DEFAULT '' COMMENT '字典键值',
  `dict_type` varchar(100) CHARACTER SET utf8mb4 COLLATE utf8mb4_general_ci NULL DEFAULT '' COMMENT '字典类型',
  `css_class` varchar(100) CHARACTER SET utf8mb4 COLLATE utf8mb4_general_ci NULL DEFAULT NULL COMMENT '样式属性（其他样式扩展）',
  `list_class` varchar(100) CHARACTER SET utf8mb4 COLLATE utf8mb4_general_ci NULL DEFAULT NULL COMMENT '表格回显样式',
  `is_default` char(1) CHARACTER SET utf8mb4 COLLATE utf8mb4_general_ci NULL DEFAULT 'N' COMMENT '是否默认（Y是 N否）',
  `status` char(1) CHARACTER SET utf8mb4 COLLATE utf8mb4_general_ci NULL DEFAULT '0' COMMENT '状态（0正常 1停用）',
  `create_by` varchar(64) CHARACTER SET utf8mb4 COLLATE utf8mb4_general_ci NULL DEFAULT '' COMMENT '创建者',
  `create_time` datetime(0) NULL DEFAULT NULL COMMENT '创建时间',
  `update_by` varchar(64) CHARACTER SET utf8mb4 COLLATE utf8mb4_general_ci NULL DEFAULT '' COMMENT '更新者',
  `update_time` datetime(0) NULL DEFAULT NULL COMMENT '更新时间',
  `remark` varchar(500) CHARACTER SET utf8mb4 COLLATE utf8mb4_general_ci NULL DEFAULT NULL COMMENT '备注',
  PRIMARY KEY (`dict_code`) USING BTREE
) ENGINE = InnoDB AUTO_INCREMENT = 30 CHARACTER SET = utf8mb4 COLLATE = utf8mb4_general_ci COMMENT = '字典数据表' ROW_FORMAT = Dynamic;

-- ----------------------------
-- Records of sys_dict_data
-- ----------------------------
INSERT INTO `sys_dict_data` VALUES (1, 1, '男', '0', 'sys_user_sex', '', '', 'Y', '0', 'admin', '2023-01-05 20:54:09', '', NULL, '性别男');
INSERT INTO `sys_dict_data` VALUES (2, 2, '女', '1', 'sys_user_sex', '', '', 'N', '0', 'admin', '2023-01-05 20:54:09', '', NULL, '性别女');
INSERT INTO `sys_dict_data` VALUES (3, 3, '未知', '2', 'sys_user_sex', '', '', 'N', '0', 'admin', '2023-01-05 20:54:09', '', NULL, '性别未知');
INSERT INTO `sys_dict_data` VALUES (4, 1, '显示', '0', 'sys_show_hide', '', 'primary', 'Y', '0', 'admin', '2023-01-05 20:54:09', '', NULL, '显示菜单');
INSERT INTO `sys_dict_data` VALUES (5, 2, '隐藏', '1', 'sys_show_hide', '', 'danger', 'N', '0', 'admin', '2023-01-05 20:54:09', '', NULL, '隐藏菜单');
INSERT INTO `sys_dict_data` VALUES (6, 1, '正常', '0', 'sys_normal_disable', '', 'primary', 'Y', '0', 'admin', '2023-01-05 20:54:09', '', NULL, '正常状态');
INSERT INTO `sys_dict_data` VALUES (7, 2, '停用', '1', 'sys_normal_disable', '', 'danger', 'N', '0', 'admin', '2023-01-05 20:54:09', '', NULL, '停用状态');
INSERT INTO `sys_dict_data` VALUES (8, 1, '正常', '0', 'sys_job_status', '', 'primary', 'Y', '0', 'admin', '2023-01-05 20:54:09', '', NULL, '正常状态');
INSERT INTO `sys_dict_data` VALUES (9, 2, '暂停', '1', 'sys_job_status', '', 'danger', 'N', '0', 'admin', '2023-01-05 20:54:09', '', NULL, '停用状态');
INSERT INTO `sys_dict_data` VALUES (10, 1, '默认', 'DEFAULT', 'sys_job_group', '', '', 'Y', '0', 'admin', '2023-01-05 20:54:09', '', NULL, '默认分组');
INSERT INTO `sys_dict_data` VALUES (11, 2, '系统', 'SYSTEM', 'sys_job_group', '', '', 'N', '0', 'admin', '2023-01-05 20:54:09', '', NULL, '系统分组');
INSERT INTO `sys_dict_data` VALUES (12, 1, '是', 'Y', 'sys_yes_no', '', 'primary', 'Y', '0', 'admin', '2023-01-05 20:54:09', '', NULL, '系统默认是');
INSERT INTO `sys_dict_data` VALUES (13, 2, '否', 'N', 'sys_yes_no', '', 'danger', 'N', '0', 'admin', '2023-01-05 20:54:09', '', NULL, '系统默认否');
INSERT INTO `sys_dict_data` VALUES (14, 1, '通知', '1', 'sys_notice_type', '', 'warning', 'Y', '0', 'admin', '2023-01-05 20:54:09', '', NULL, '通知');
INSERT INTO `sys_dict_data` VALUES (15, 2, '公告', '2', 'sys_notice_type', '', 'success', 'N', '0', 'admin', '2023-01-05 20:54:09', '', NULL, '公告');
INSERT INTO `sys_dict_data` VALUES (16, 1, '正常', '0', 'sys_notice_status', '', 'primary', 'Y', '0', 'admin', '2023-01-05 20:54:09', '', NULL, '正常状态');
INSERT INTO `sys_dict_data` VALUES (17, 2, '关闭', '1', 'sys_notice_status', '', 'danger', 'N', '0', 'admin', '2023-01-05 20:54:09', '', NULL, '关闭状态');
INSERT INTO `sys_dict_data` VALUES (18, 99, '其他', '0', 'sys_oper_type', '', 'info', 'N', '0', 'admin', '2023-01-05 20:54:09', '', NULL, '其他操作');
INSERT INTO `sys_dict_data` VALUES (19, 1, '新增', '1', 'sys_oper_type', '', 'success', 'N', '0', 'admin', '2023-01-05 20:54:09', 'test', '2023-01-08 21:20:41', '新增操作');
INSERT INTO `sys_dict_data` VALUES (20, 2, '修改', '2', 'sys_oper_type', '', 'info', 'N', '0', 'admin', '2023-01-05 20:54:09', '', NULL, '修改操作');
INSERT INTO `sys_dict_data` VALUES (21, 3, '删除', '3', 'sys_oper_type', '', 'danger', 'N', '0', 'admin', '2023-01-05 20:54:09', '', NULL, '删除操作');
INSERT INTO `sys_dict_data` VALUES (22, 4, '授权', '4', 'sys_oper_type', '', 'primary', 'N', '0', 'admin', '2023-01-05 20:54:09', '', NULL, '授权操作');
INSERT INTO `sys_dict_data` VALUES (23, 5, '导出', '5', 'sys_oper_type', '', 'warning', 'N', '0', 'admin', '2023-01-05 20:54:09', '', NULL, '导出操作');
INSERT INTO `sys_dict_data` VALUES (24, 6, '导入', '6', 'sys_oper_type', '', 'warning', 'N', '0', 'admin', '2023-01-05 20:54:09', '', NULL, '导入操作');
INSERT INTO `sys_dict_data` VALUES (25, 7, '强退', '7', 'sys_oper_type', '', 'danger', 'N', '0', 'admin', '2023-01-05 20:54:09', '', NULL, '强退操作');
INSERT INTO `sys_dict_data` VALUES (26, 8, '生成代码', '8', 'sys_oper_type', '', 'warning', 'N', '0', 'admin', '2023-01-05 20:54:09', '', NULL, '生成操作');
INSERT INTO `sys_dict_data` VALUES (27, 9, '清空数据', '9', 'sys_oper_type', '', 'danger', 'N', '0', 'admin', '2023-01-05 20:54:09', '', NULL, '清空操作');
INSERT INTO `sys_dict_data` VALUES (28, 1, '成功', '0', 'sys_common_status', '', 'primary', 'N', '0', 'admin', '2023-01-05 20:54:09', '', NULL, '正常状态');
INSERT INTO `sys_dict_data` VALUES (29, 2, '失败', '1', 'sys_common_status', '', 'danger', 'N', '0', 'admin', '2023-01-05 20:54:09', '', NULL, '停用状态');

-- ----------------------------
-- Table structure for sys_dict_type
-- ----------------------------
DROP TABLE IF EXISTS `sys_dict_type`;
CREATE TABLE `sys_dict_type`  (
  `dict_id` bigint(20) NOT NULL AUTO_INCREMENT COMMENT '字典主键',
  `dict_name` varchar(100) CHARACTER SET utf8mb4 COLLATE utf8mb4_general_ci NULL DEFAULT '' COMMENT '字典名称',
  `dict_type` varchar(100) CHARACTER SET utf8mb4 COLLATE utf8mb4_general_ci NULL DEFAULT '' COMMENT '字典类型',
  `status` char(1) CHARACTER SET utf8mb4 COLLATE utf8mb4_general_ci NULL DEFAULT '0' COMMENT '状态（0正常 1停用）',
  `create_by` varchar(64) CHARACTER SET utf8mb4 COLLATE utf8mb4_general_ci NULL DEFAULT '' COMMENT '创建者',
  `create_time` datetime(0) NULL DEFAULT NULL COMMENT '创建时间',
  `update_by` varchar(64) CHARACTER SET utf8mb4 COLLATE utf8mb4_general_ci NULL DEFAULT '' COMMENT '更新者',
  `update_time` datetime(0) NULL DEFAULT NULL COMMENT '更新时间',
  `remark` varchar(500) CHARACTER SET utf8mb4 COLLATE utf8mb4_general_ci NULL DEFAULT NULL COMMENT '备注',
  PRIMARY KEY (`dict_id`) USING BTREE,
  UNIQUE INDEX `dict_type`(`dict_type`) USING BTREE
) ENGINE = InnoDB AUTO_INCREMENT = 11 CHARACTER SET = utf8mb4 COLLATE = utf8mb4_general_ci COMMENT = '字典类型表' ROW_FORMAT = Dynamic;

-- ----------------------------
-- Records of sys_dict_type
-- ----------------------------
INSERT INTO `sys_dict_type` VALUES (1, '用户性别', 'sys_user_sex', '0', 'admin', '2023-01-05 20:54:09', '', NULL, '用户性别列表');
INSERT INTO `sys_dict_type` VALUES (2, '菜单状态', 'sys_show_hide', '0', 'admin', '2023-01-05 20:54:09', '', NULL, '菜单状态列表');
INSERT INTO `sys_dict_type` VALUES (3, '系统开关', 'sys_normal_disable', '0', 'admin', '2023-01-05 20:54:09', '', NULL, '系统开关列表');
INSERT INTO `sys_dict_type` VALUES (4, '任务状态', 'sys_job_status', '0', 'admin', '2023-01-05 20:54:09', '', NULL, '任务状态列表');
INSERT INTO `sys_dict_type` VALUES (5, '任务分组', 'sys_job_group', '0', 'admin', '2023-01-05 20:54:09', '', NULL, '任务分组列表');
INSERT INTO `sys_dict_type` VALUES (6, '系统是否', 'sys_yes_no', '0', 'admin', '2023-01-05 20:54:09', '', NULL, '系统是否列表');
INSERT INTO `sys_dict_type` VALUES (7, '通知类型', 'sys_notice_type', '0', 'admin', '2023-01-05 20:54:09', '', NULL, '通知类型列表');
INSERT INTO `sys_dict_type` VALUES (8, '通知状态', 'sys_notice_status', '0', 'admin', '2023-01-05 20:54:09', '', NULL, '通知状态列表');
INSERT INTO `sys_dict_type` VALUES (9, '操作类型', 'sys_oper_type', '0', 'admin', '2023-01-05 20:54:09', '', NULL, '操作类型列表');
INSERT INTO `sys_dict_type` VALUES (10, '系统状态', 'sys_common_status', '0', 'admin', '2023-01-05 20:54:09', '', NULL, '登录状态列表');

-- ----------------------------
-- Table structure for sys_job
-- ----------------------------
DROP TABLE IF EXISTS `sys_job`;
CREATE TABLE `sys_job`  (
  `job_id` bigint(20) NOT NULL AUTO_INCREMENT COMMENT '任务ID',
  `job_name` varchar(64) CHARACTER SET utf8mb4 COLLATE utf8mb4_general_ci NOT NULL DEFAULT '' COMMENT '任务名称',
  `job_group` varchar(64) CHARACTER SET utf8mb4 COLLATE utf8mb4_general_ci NOT NULL DEFAULT 'DEFAULT' COMMENT '任务组名',
  `invoke_target` varchar(500) CHARACTER SET utf8mb4 COLLATE utf8mb4_general_ci NOT NULL COMMENT '调用目标字符串',
  `cron_expression` varchar(255) CHARACTER SET utf8mb4 COLLATE utf8mb4_general_ci NULL DEFAULT '' COMMENT 'cron执行表达式',
  `misfire_policy` varchar(20) CHARACTER SET utf8mb4 COLLATE utf8mb4_general_ci NULL DEFAULT '3' COMMENT '计划执行错误策略（1立即执行 2执行一次 3放弃执行）',
  `concurrent` char(1) CHARACTER SET utf8mb4 COLLATE utf8mb4_general_ci NULL DEFAULT '1' COMMENT '是否并发执行（0允许 1禁止）',
  `status` char(1) CHARACTER SET utf8mb4 COLLATE utf8mb4_general_ci NULL DEFAULT '0' COMMENT '状态（0正常 1暂停）',
  `create_by` varchar(64) CHARACTER SET utf8mb4 COLLATE utf8mb4_general_ci NULL DEFAULT '' COMMENT '创建者',
  `create_time` datetime(0) NULL DEFAULT NULL COMMENT '创建时间',
  `update_by` varchar(64) CHARACTER SET utf8mb4 COLLATE utf8mb4_general_ci NULL DEFAULT '' COMMENT '更新者',
  `update_time` datetime(0) NULL DEFAULT NULL COMMENT '更新时间',
  `remark` varchar(500) CHARACTER SET utf8mb4 COLLATE utf8mb4_general_ci NULL DEFAULT '' COMMENT '备注信息',
  PRIMARY KEY (`job_id`, `job_name`, `job_group`) USING BTREE
) ENGINE = InnoDB AUTO_INCREMENT = 4 CHARACTER SET = utf8mb4 COLLATE = utf8mb4_general_ci COMMENT = '定时任务调度表' ROW_FORMAT = Dynamic;

-- ----------------------------
-- Records of sys_job
-- ----------------------------
INSERT INTO `sys_job` VALUES (1, '系统默认（无参）', 'DEFAULT', 'ryTask.ryNoParams', '0/10 * * * * ?', '3', '1', '1', 'admin', '2023-01-05 20:54:09', '', NULL, '');
INSERT INTO `sys_job` VALUES (2, '系统默认（有参）', 'DEFAULT', 'ryTask.ryParams(\'ry\')', '0/15 * * * * ?', '3', '1', '1', 'admin', '2023-01-05 20:54:09', '', NULL, '');
INSERT INTO `sys_job` VALUES (3, '系统默认（多参）', 'DEFAULT', 'ryTask.ryMultipleParams(\'ry\', true, 2000L, 316.50D, 100)', '0/20 * * * * ?', '3', '1', '1', 'admin', '2023-01-05 20:54:09', '', NULL, '');

-- ----------------------------
-- Table structure for sys_job_log
-- ----------------------------
DROP TABLE IF EXISTS `sys_job_log`;
CREATE TABLE `sys_job_log`  (
  `job_log_id` bigint(20) NOT NULL AUTO_INCREMENT COMMENT '任务日志ID',
  `job_name` varchar(64) CHARACTER SET utf8mb4 COLLATE utf8mb4_general_ci NOT NULL COMMENT '任务名称',
  `job_group` varchar(64) CHARACTER SET utf8mb4 COLLATE utf8mb4_general_ci NOT NULL COMMENT '任务组名',
  `invoke_target` varchar(500) CHARACTER SET utf8mb4 COLLATE utf8mb4_general_ci NOT NULL COMMENT '调用目标字符串',
  `job_message` varchar(500) CHARACTER SET utf8mb4 COLLATE utf8mb4_general_ci NULL DEFAULT NULL COMMENT '日志信息',
  `status` char(1) CHARACTER SET utf8mb4 COLLATE utf8mb4_general_ci NULL DEFAULT '0' COMMENT '执行状态（0正常 1失败）',
  `exception_info` varchar(2000) CHARACTER SET utf8mb4 COLLATE utf8mb4_general_ci NULL DEFAULT '' COMMENT '异常信息',
  `create_time` datetime(0) NULL DEFAULT NULL COMMENT '创建时间',
  PRIMARY KEY (`job_log_id`) USING BTREE
) ENGINE = InnoDB AUTO_INCREMENT = 1 CHARACTER SET = utf8mb4 COLLATE = utf8mb4_general_ci COMMENT = '定时任务调度日志表' ROW_FORMAT = Dynamic;

-- ----------------------------
-- Records of sys_job_log
-- ----------------------------

-- ----------------------------
-- Table structure for sys_logininfor
-- ----------------------------
DROP TABLE IF EXISTS `sys_logininfor`;
CREATE TABLE `sys_logininfor`  (
  `info_id` bigint(20) NOT NULL AUTO_INCREMENT COMMENT '访问ID',
  `user_name` varchar(50) CHARACTER SET utf8mb4 COLLATE utf8mb4_general_ci NULL DEFAULT '' COMMENT '用户账号',
  `ipaddr` varchar(128) CHARACTER SET utf8mb4 COLLATE utf8mb4_general_ci NULL DEFAULT '' COMMENT '登录IP地址',
  `login_location` varchar(255) CHARACTER SET utf8mb4 COLLATE utf8mb4_general_ci NULL DEFAULT '' COMMENT '登录地点',
  `browser` varchar(50) CHARACTER SET utf8mb4 COLLATE utf8mb4_general_ci NULL DEFAULT '' COMMENT '浏览器类型',
  `os` varchar(50) CHARACTER SET utf8mb4 COLLATE utf8mb4_general_ci NULL DEFAULT '' COMMENT '操作系统',
  `status` char(1) CHARACTER SET utf8mb4 COLLATE utf8mb4_general_ci NULL DEFAULT '0' COMMENT '登录状态（0成功 1失败）',
  `msg` varchar(255) CHARACTER SET utf8mb4 COLLATE utf8mb4_general_ci NULL DEFAULT '' COMMENT '提示消息',
  `login_time` datetime(0) NULL DEFAULT NULL COMMENT '访问时间',
  PRIMARY KEY (`info_id`) USING BTREE
) ENGINE = InnoDB AUTO_INCREMENT = 214 CHARACTER SET = utf8mb4 COLLATE = utf8mb4_general_ci COMMENT = '系统访问记录' ROW_FORMAT = Dynamic;

-- ----------------------------
-- Records of sys_logininfor
-- ----------------------------
INSERT INTO `sys_logininfor` VALUES (100, 'admin', '127.0.0.1', '内网IP', 'Chrome 9', 'Windows 10', '0', '登录成功', '2023-01-05 21:02:27');
INSERT INTO `sys_logininfor` VALUES (101, 'admin', '127.0.0.1', '内网IP', 'Chrome 9', 'Windows 10', '0', '登录成功', '2023-01-05 21:41:27');
INSERT INTO `sys_logininfor` VALUES (102, 'ry', '127.0.0.1', '内网IP', 'Firefox 10', 'Windows 10', '0', '登录成功', '2023-01-05 22:14:06');
INSERT INTO `sys_logininfor` VALUES (103, 'ry', '127.0.0.1', '内网IP', 'Firefox 10', 'Windows 10', '0', '登录成功', '2023-01-05 22:15:08');
INSERT INTO `sys_logininfor` VALUES (104, 'ry', '127.0.0.1', '内网IP', 'Firefox 10', 'Windows 10', '0', '登录成功', '2023-01-05 22:16:07');
INSERT INTO `sys_logininfor` VALUES (105, 'ry', '127.0.0.1', '内网IP', 'Firefox 10', 'Windows 10', '0', '退出成功', '2023-01-05 22:16:49');
INSERT INTO `sys_logininfor` VALUES (106, 'ry', '127.0.0.1', '内网IP', 'Firefox 10', 'Windows 10', '0', '登录成功', '2023-01-05 22:17:21');
INSERT INTO `sys_logininfor` VALUES (107, 'ry', '127.0.0.1', '内网IP', 'Firefox 10', 'Windows 10', '0', '退出成功', '2023-01-05 22:18:14');
INSERT INTO `sys_logininfor` VALUES (108, 'ry', '127.0.0.1', '内网IP', 'Firefox 10', 'Windows 10', '1', '密码输入错误1次', '2023-01-05 22:18:19');
INSERT INTO `sys_logininfor` VALUES (109, 'ry', '127.0.0.1', '内网IP', 'Firefox 10', 'Windows 10', '1', '用户不存在/密码错误', '2023-01-05 22:18:19');
INSERT INTO `sys_logininfor` VALUES (110, 'ry', '127.0.0.1', '内网IP', 'Firefox 10', 'Windows 10', '1', '密码输入错误2次', '2023-01-05 22:18:31');
INSERT INTO `sys_logininfor` VALUES (111, 'ry', '127.0.0.1', '内网IP', 'Firefox 10', 'Windows 10', '1', '用户不存在/密码错误', '2023-01-05 22:18:31');
INSERT INTO `sys_logininfor` VALUES (112, 'ry', '127.0.0.1', '内网IP', 'Firefox 10', 'Windows 10', '1', '密码输入错误3次', '2023-01-05 22:18:43');
INSERT INTO `sys_logininfor` VALUES (113, 'ry', '127.0.0.1', '内网IP', 'Firefox 10', 'Windows 10', '1', '用户不存在/密码错误', '2023-01-05 22:18:43');
INSERT INTO `sys_logininfor` VALUES (114, 'ry', '127.0.0.1', '内网IP', 'Firefox 10', 'Windows 10', '1', '用户不存在/密码错误', '2023-01-05 22:18:46');
INSERT INTO `sys_logininfor` VALUES (115, 'ry', '127.0.0.1', '内网IP', 'Firefox 10', 'Windows 10', '1', '密码输入错误4次', '2023-01-05 22:18:46');
INSERT INTO `sys_logininfor` VALUES (116, 'ry', '127.0.0.1', '内网IP', 'Firefox 10', 'Windows 10', '1', '密码输入错误5次', '2023-01-05 22:18:49');
INSERT INTO `sys_logininfor` VALUES (117, 'ry', '127.0.0.1', '内网IP', 'Firefox 10', 'Windows 10', '1', '用户不存在/密码错误', '2023-01-05 22:18:49');
INSERT INTO `sys_logininfor` VALUES (118, 'ry', '127.0.0.1', '内网IP', 'Firefox 10', 'Windows 10', '1', '密码输入错误5次，帐户锁定10分钟', '2023-01-05 22:18:51');
INSERT INTO `sys_logininfor` VALUES (119, 'ry', '127.0.0.1', '内网IP', 'Firefox 10', 'Windows 10', '1', '密码输入错误5次，帐户锁定10分钟', '2023-01-05 22:18:51');
INSERT INTO `sys_logininfor` VALUES (120, 'admin', '127.0.0.1', '内网IP', 'Chrome 9', 'Windows 10', '0', '登录成功', '2023-01-05 22:19:14');
INSERT INTO `sys_logininfor` VALUES (121, 'admin', '127.0.0.1', '内网IP', 'Chrome 9', 'Windows 10', '0', '登录成功', '2023-01-05 22:19:54');
INSERT INTO `sys_logininfor` VALUES (122, 'admin', '127.0.0.1', '内网IP', 'Chrome 9', 'Windows 10', '0', '登录成功', '2023-01-05 22:22:43');
INSERT INTO `sys_logininfor` VALUES (123, 'test', '127.0.0.1', '内网IP', 'Firefox 10', 'Windows 10', '1', '验证码已失效', '2023-01-05 22:42:44');
INSERT INTO `sys_logininfor` VALUES (124, 'test', '127.0.0.1', '内网IP', 'Firefox 10', 'Windows 10', '1', '验证码错误', '2023-01-05 22:42:47');
INSERT INTO `sys_logininfor` VALUES (125, 'test', '127.0.0.1', '内网IP', 'Firefox 10', 'Windows 10', '1', '登录用户：test 不存在', '2023-01-05 22:42:50');
INSERT INTO `sys_logininfor` VALUES (126, 'test', '127.0.0.1', '内网IP', 'Firefox 10', 'Windows 10', '1', '登录用户：test 不存在', '2023-01-05 22:43:09');
INSERT INTO `sys_logininfor` VALUES (127, '测试', '127.0.0.1', '内网IP', 'Firefox 10', 'Windows 10', '0', '登录成功', '2023-01-05 22:43:38');
INSERT INTO `sys_logininfor` VALUES (128, '测试', '127.0.0.1', '内网IP', 'Firefox 10', 'Windows 10', '0', '退出成功', '2023-01-05 22:44:38');
INSERT INTO `sys_logininfor` VALUES (129, 'test', '127.0.0.1', '内网IP', 'Firefox 10', 'Windows 10', '0', '登录成功', '2023-01-05 22:45:07');
INSERT INTO `sys_logininfor` VALUES (130, 'test', '127.0.0.1', '内网IP', 'Firefox 10', 'Windows 10', '0', '退出成功', '2023-01-05 22:46:00');
INSERT INTO `sys_logininfor` VALUES (131, 'test', '127.0.0.1', '内网IP', 'Firefox 10', 'Windows 10', '0', '登录成功', '2023-01-05 22:46:03');
INSERT INTO `sys_logininfor` VALUES (132, 'test', '127.0.0.1', '内网IP', 'Firefox 10', 'Windows 10', '0', '退出成功', '2023-01-05 22:47:18');
INSERT INTO `sys_logininfor` VALUES (133, 'test', '127.0.0.1', '内网IP', 'Firefox 10', 'Windows 10', '0', '登录成功', '2023-01-05 22:47:22');
INSERT INTO `sys_logininfor` VALUES (134, 'test', '127.0.0.1', '内网IP', 'Firefox 10', 'Windows 10', '0', '退出成功', '2023-01-05 22:49:56');
INSERT INTO `sys_logininfor` VALUES (135, 'test', '127.0.0.1', '内网IP', 'Firefox 10', 'Windows 10', '0', '登录成功', '2023-01-05 22:50:01');
INSERT INTO `sys_logininfor` VALUES (136, 'admin', '127.0.0.1', '内网IP', 'Chrome 9', 'Windows 10', '0', '登录成功', '2023-01-06 21:11:52');
INSERT INTO `sys_logininfor` VALUES (137, 'admin', '127.0.0.1', '内网IP', 'Chrome 9', 'Windows 10', '0', '登录成功', '2023-01-07 13:50:29');
INSERT INTO `sys_logininfor` VALUES (138, 'admin', '127.0.0.1', '内网IP', 'Chrome 9', 'Windows 10', '0', '退出成功', '2023-01-07 14:03:45');
INSERT INTO `sys_logininfor` VALUES (139, 'test', '127.0.0.1', '内网IP', 'Chrome 9', 'Windows 10', '1', '对不起，您的账号：test 已停用', '2023-01-07 14:03:50');
INSERT INTO `sys_logininfor` VALUES (140, 'admin', '127.0.0.1', '内网IP', 'Chrome 9', 'Windows 10', '1', '验证码错误', '2023-01-07 14:03:58');
INSERT INTO `sys_logininfor` VALUES (141, 'admin', '127.0.0.1', '内网IP', 'Chrome 9', 'Windows 10', '0', '登录成功', '2023-01-07 14:04:02');
INSERT INTO `sys_logininfor` VALUES (142, 'test', '127.0.0.1', '内网IP', 'Firefox 10', 'Windows 10', '1', '验证码已失效', '2023-01-07 14:23:14');
INSERT INTO `sys_logininfor` VALUES (143, 'test', '127.0.0.1', '内网IP', 'Firefox 10', 'Windows 10', '1', '对不起，您的账号：test 已停用', '2023-01-07 14:23:18');
INSERT INTO `sys_logininfor` VALUES (144, 'admin', '127.0.0.1', '内网IP', 'Chrome 9', 'Windows 10', '0', '登录成功', '2023-01-07 15:00:29');
INSERT INTO `sys_logininfor` VALUES (145, 'admin', '127.0.0.1', '内网IP', 'Chrome 9', 'Windows 10', '0', '登录成功', '2023-01-07 15:39:23');
INSERT INTO `sys_logininfor` VALUES (146, 'admin', '127.0.0.1', '内网IP', 'Chrome 9', 'Windows 10', '0', '登录成功', '2023-01-07 16:47:38');
INSERT INTO `sys_logininfor` VALUES (147, 'admin', '127.0.0.1', '内网IP', 'Chrome 9', 'Windows 10', '0', '登录成功', '2023-01-07 18:55:27');
INSERT INTO `sys_logininfor` VALUES (148, 'admin', '127.0.0.1', '内网IP', 'Chrome 9', 'Windows 10', '0', '登录成功', '2023-01-07 20:44:24');
INSERT INTO `sys_logininfor` VALUES (149, 'admin', '127.0.0.1', '内网IP', 'Chrome 9', 'Windows 10', '0', '登录成功', '2023-01-07 23:07:17');
INSERT INTO `sys_logininfor` VALUES (150, 'admin', '127.0.0.1', '内网IP', 'Chrome 9', 'Windows 10', '0', '登录成功', '2023-01-08 13:12:52');
INSERT INTO `sys_logininfor` VALUES (151, 'admin', '127.0.0.1', '内网IP', 'Chrome 9', 'Windows 10', '0', '登录成功', '2023-01-08 13:57:31');
INSERT INTO `sys_logininfor` VALUES (152, 'admin', '127.0.0.1', '内网IP', 'Chrome 9', 'Windows 10', '0', '登录成功', '2023-01-08 16:56:39');
INSERT INTO `sys_logininfor` VALUES (153, 'admin', '127.0.0.1', '内网IP', 'Chrome 9', 'Windows 10', '0', '登录成功', '2023-01-08 17:28:15');
INSERT INTO `sys_logininfor` VALUES (154, 'admin', '127.0.0.1', '内网IP', 'Chrome 9', 'Windows 10', '0', '登录成功', '2023-01-08 20:01:47');
INSERT INTO `sys_logininfor` VALUES (155, 'admin', '127.0.0.1', '内网IP', 'Chrome 9', 'Windows 10', '0', '退出成功', '2023-01-08 21:07:36');
INSERT INTO `sys_logininfor` VALUES (156, 'test', '127.0.0.1', '内网IP', 'Chrome 9', 'Windows 10', '0', '登录成功', '2023-01-08 21:07:47');
INSERT INTO `sys_logininfor` VALUES (157, 'test', '127.0.0.1', '内网IP', 'Chrome 9', 'Windows 10', '0', '退出成功', '2023-01-08 21:13:05');
INSERT INTO `sys_logininfor` VALUES (158, 'test', '127.0.0.1', '内网IP', 'Chrome 9', 'Windows 10', '0', '登录成功', '2023-01-08 21:13:11');
INSERT INTO `sys_logininfor` VALUES (159, 'test', '127.0.0.1', '内网IP', 'Chrome 9', 'Windows 10', '0', '退出成功', '2023-01-08 21:14:53');
INSERT INTO `sys_logininfor` VALUES (160, 'test', '127.0.0.1', '内网IP', 'Chrome 9', 'Windows 10', '0', '登录成功', '2023-01-08 21:15:00');
INSERT INTO `sys_logininfor` VALUES (161, 'test', '127.0.0.1', '内网IP', 'Chrome 9', 'Windows 10', '0', '退出成功', '2023-01-08 21:18:19');
INSERT INTO `sys_logininfor` VALUES (162, 'test', '127.0.0.1', '内网IP', 'Chrome 9', 'Windows 10', '0', '登录成功', '2023-01-08 21:18:24');
INSERT INTO `sys_logininfor` VALUES (163, 'test', '127.0.0.1', '内网IP', 'Chrome 9', 'Windows 10', '1', '验证码错误', '2023-01-08 22:22:37');
INSERT INTO `sys_logininfor` VALUES (164, 'test', '127.0.0.1', '内网IP', 'Chrome 9', 'Windows 10', '0', '登录成功', '2023-01-08 22:22:39');
INSERT INTO `sys_logininfor` VALUES (165, 'test', '127.0.0.1', '内网IP', 'Chrome 9', 'Windows 10', '0', '登录成功', '2023-01-09 20:18:25');
INSERT INTO `sys_logininfor` VALUES (166, 'test', '127.0.0.1', '内网IP', 'Chrome 9', 'Windows 10', '0', '登录成功', '2023-01-10 20:40:48');
INSERT INTO `sys_logininfor` VALUES (167, 'test', '127.0.0.1', '内网IP', 'Chrome 9', 'Windows 10', '0', '退出成功', '2023-01-10 20:44:25');
INSERT INTO `sys_logininfor` VALUES (168, 'admin', '127.0.0.1', '内网IP', 'Chrome 9', 'Windows 10', '1', '验证码错误', '2023-01-10 20:44:32');
INSERT INTO `sys_logininfor` VALUES (169, 'admin', '127.0.0.1', '内网IP', 'Chrome 9', 'Windows 10', '1', '密码输入错误1次', '2023-01-10 20:44:34');
INSERT INTO `sys_logininfor` VALUES (170, 'admin', '127.0.0.1', '内网IP', 'Chrome 9', 'Windows 10', '1', '用户不存在/密码错误', '2023-01-10 20:44:34');
INSERT INTO `sys_logininfor` VALUES (171, 'admin', '127.0.0.1', '内网IP', 'Chrome 9', 'Windows 10', '0', '登录成功', '2023-01-10 20:44:41');
INSERT INTO `sys_logininfor` VALUES (172, 'test', '127.0.0.1', '内网IP', 'Firefox 10', 'Windows 10', '0', '登录成功', '2023-01-10 22:43:02');
INSERT INTO `sys_logininfor` VALUES (173, 'test', '127.0.0.1', '内网IP', 'Firefox 10', 'Windows 10', '0', '退出成功', '2023-01-10 22:43:55');
INSERT INTO `sys_logininfor` VALUES (174, 'test', '127.0.0.1', '内网IP', 'Firefox 10', 'Windows 10', '0', '登录成功', '2023-01-10 22:44:00');
INSERT INTO `sys_logininfor` VALUES (175, 'test', '127.0.0.1', '内网IP', 'Firefox 10', 'Windows 10', '0', '退出成功', '2023-01-10 22:44:45');
INSERT INTO `sys_logininfor` VALUES (176, 'test', '127.0.0.1', '内网IP', 'Firefox 10', 'Windows 10', '0', '登录成功', '2023-01-10 22:44:49');
INSERT INTO `sys_logininfor` VALUES (177, 'admin', '127.0.0.1', '内网IP', 'Chrome 9', 'Windows 10', '0', '登录成功', '2023-02-01 21:05:27');
INSERT INTO `sys_logininfor` VALUES (178, 'admin', '127.0.0.1', '内网IP', 'Chrome 9', 'Windows 10', '0', '登录成功', '2023-02-01 21:19:04');
INSERT INTO `sys_logininfor` VALUES (179, 'admin', '127.0.0.1', '内网IP', 'Chrome 9', 'Windows 10', '0', '登录成功', '2023-02-04 10:56:47');
INSERT INTO `sys_logininfor` VALUES (180, 'admin', '127.0.0.1', '内网IP', 'Chrome 9', 'Windows 10', '0', '登录成功', '2023-02-06 20:22:28');
INSERT INTO `sys_logininfor` VALUES (181, 'admin', '127.0.0.1', '内网IP', 'Chrome 9', 'Windows 10', '0', '退出成功', '2023-02-06 22:08:58');
INSERT INTO `sys_logininfor` VALUES (182, 'test', '127.0.0.1', '内网IP', 'Chrome 9', 'Windows 10', '1', '对不起，您的账号：test 已停用', '2023-02-06 22:09:06');
INSERT INTO `sys_logininfor` VALUES (183, 'test', '127.0.0.1', '内网IP', 'Chrome 9', 'Windows 10', '1', '对不起，您的账号：test 已停用', '2023-02-06 22:09:10');
INSERT INTO `sys_logininfor` VALUES (184, 'test', '127.0.0.1', '内网IP', 'Chrome 9', 'Windows 10', '1', '用户已封禁，请联系管理员', '2023-02-06 22:10:39');
INSERT INTO `sys_logininfor` VALUES (185, 'test', '127.0.0.1', '内网IP', 'Chrome 9', 'Windows 10', '1', '验证码错误', '2023-02-06 22:12:09');
INSERT INTO `sys_logininfor` VALUES (186, 'test', '127.0.0.1', '内网IP', 'Chrome 9', 'Windows 10', '1', '用户已封禁，请联系管理员', '2023-02-06 22:12:11');
INSERT INTO `sys_logininfor` VALUES (187, 'test', '127.0.0.1', '内网IP', 'Chrome 9', 'Windows 10', '1', 'can\'t parse argument number: username', '2023-02-06 22:13:48');
INSERT INTO `sys_logininfor` VALUES (188, 'test', '127.0.0.1', '内网IP', 'Chrome 9', 'Windows 10', '1', 'can\'t parse argument number: username', '2023-02-06 22:13:57');
INSERT INTO `sys_logininfor` VALUES (189, 'test', '127.0.0.1', '内网IP', 'Chrome 9', 'Windows 10', '1', '对不起，您的账号：test 已被锁定', '2023-02-06 22:14:21');
INSERT INTO `sys_logininfor` VALUES (190, 'test', '127.0.0.1', '内网IP', 'Chrome 9', 'Windows 10', '1', 'Sorry, your account: test has been locked', '2023-02-06 22:15:25');
INSERT INTO `sys_logininfor` VALUES (191, 'test', '127.0.0.1', '内网IP', 'Chrome 9', 'Windows 10', '1', '验证码错误', '2023-02-06 22:15:47');
INSERT INTO `sys_logininfor` VALUES (192, 'test', '127.0.0.1', '内网IP', 'Chrome 9', 'Windows 10', '1', 'Sorry, your account: 【test】 has been locked', '2023-02-06 22:15:50');
INSERT INTO `sys_logininfor` VALUES (193, 'test', '127.0.0.1', '内网IP', 'Chrome 9', 'Windows 10', '1', 'Sorry, your account: 【test】 has been locked', '2023-02-06 22:16:58');
INSERT INTO `sys_logininfor` VALUES (194, 'test', '127.0.0.1', '内网IP', 'Chrome 9', 'Windows 10', '1', '对不起，您的账号：【test】 已被锁定', '2023-02-06 22:17:43');
INSERT INTO `sys_logininfor` VALUES (195, 'test', '127.0.0.1', '内网IP', 'Chrome 9', 'Windows 10', '1', '对不起，您的账号：【test】已被锁定', '2023-02-06 22:18:12');
INSERT INTO `sys_logininfor` VALUES (196, 'test', '127.0.0.1', '内网IP', 'Chrome 9', 'Windows 10', '1', '登录用户：test 不存在', '2023-02-06 22:19:39');
INSERT INTO `sys_logininfor` VALUES (197, 'test', '127.0.0.1', '内网IP', 'Chrome 9', 'Windows 10', '1', '对不起，您的账号：【test】已被锁定', '2023-02-06 22:21:23');
INSERT INTO `sys_logininfor` VALUES (198, 'test', '127.0.0.1', '内网IP', 'Chrome 9', 'Windows 10', '1', '用户不存在/密码错误', '2023-02-06 22:21:33');
INSERT INTO `sys_logininfor` VALUES (199, 'test', '127.0.0.1', '内网IP', 'Chrome 9', 'Windows 10', '1', '用户不存在/密码错误', '2023-02-06 22:21:44');
INSERT INTO `sys_logininfor` VALUES (200, 'admin', '127.0.0.1', '内网IP', 'Chrome 9', 'Windows 10', '1', '验证码已失效', '2023-02-06 22:42:08');
INSERT INTO `sys_logininfor` VALUES (201, 'admin', '127.0.0.1', '内网IP', 'Chrome 9', 'Windows 10', '0', '登录成功', '2023-02-06 22:42:12');
INSERT INTO `sys_logininfor` VALUES (202, 'admin', '127.0.0.1', '内网IP', 'Chrome 9', 'Windows 10', '0', '退出成功', '2023-02-06 22:59:49');
INSERT INTO `sys_logininfor` VALUES (203, 'ry', '127.0.0.1', '内网IP', 'Chrome 9', 'Windows 10', '1', '用户不存在/密码错误', '2023-02-06 22:59:55');
INSERT INTO `sys_logininfor` VALUES (204, 'ry', '127.0.0.1', '内网IP', 'Chrome 9', 'Windows 10', '1', '密码输入错误1次', '2023-02-06 22:59:55');
INSERT INTO `sys_logininfor` VALUES (205, 'ry', '127.0.0.1', '内网IP', 'Chrome 9', 'Windows 10', '0', '登录成功', '2023-02-06 23:00:01');
INSERT INTO `sys_logininfor` VALUES (206, 'ry', '127.0.0.1', '内网IP', 'Chrome 9', 'Windows 10', '0', '退出成功', '2023-02-06 23:00:09');
INSERT INTO `sys_logininfor` VALUES (207, 'admin', '127.0.0.1', '内网IP', 'Chrome 9', 'Windows 10', '0', '登录成功', '2023-02-06 23:00:18');
INSERT INTO `sys_logininfor` VALUES (208, 'admin', '127.0.0.1', '内网IP', 'Chrome 9', 'Windows 10', '0', '登录成功', '2023-02-07 23:01:18');
INSERT INTO `sys_logininfor` VALUES (209, 'admin', '127.0.0.1', '内网IP', 'Chrome 9', 'Windows 10', '0', '登录成功', '2023-02-08 21:15:08');
INSERT INTO `sys_logininfor` VALUES (210, 'admin', '127.0.0.1', '内网IP', 'Chrome 9', 'Windows 10', '0', '退出成功', '2023-02-08 23:23:49');
INSERT INTO `sys_logininfor` VALUES (211, 'admin', '127.0.0.1', '内网IP', 'Chrome 9', 'Windows 10', '0', '登录成功', '2023-02-08 23:23:58');
INSERT INTO `sys_logininfor` VALUES (212, 'admin', '127.0.0.1', '内网IP', 'Chrome 9', 'Windows 10', '0', '退出成功', '2023-02-08 23:33:38');
INSERT INTO `sys_logininfor` VALUES (213, 'admin', '127.0.0.1', '内网IP', 'Chrome 9', 'Windows 10', '0', '登录成功', '2023-02-08 23:37:42');

-- ----------------------------
-- Table structure for sys_menu
-- ----------------------------
DROP TABLE IF EXISTS `sys_menu`;
CREATE TABLE `sys_menu`  (
  `menu_id` bigint(20) NOT NULL AUTO_INCREMENT COMMENT '菜单ID',
  `menu_name` varchar(50) CHARACTER SET utf8mb4 COLLATE utf8mb4_general_ci NOT NULL COMMENT '菜单名称',
  `parent_id` bigint(20) NULL DEFAULT 0 COMMENT '父菜单ID',
  `order_num` int(4) NULL DEFAULT 0 COMMENT '显示顺序',
  `path` varchar(200) CHARACTER SET utf8mb4 COLLATE utf8mb4_general_ci NULL DEFAULT '' COMMENT '路由地址',
  `component` varchar(255) CHARACTER SET utf8mb4 COLLATE utf8mb4_general_ci NULL DEFAULT NULL COMMENT '组件路径',
  `query` varchar(255) CHARACTER SET utf8mb4 COLLATE utf8mb4_general_ci NULL DEFAULT NULL COMMENT '路由参数',
  `is_frame` int(1) NULL DEFAULT 1 COMMENT '是否为外链（0是 1否）',
  `is_cache` int(1) NULL DEFAULT 0 COMMENT '是否缓存（0缓存 1不缓存）',
  `menu_type` char(1) CHARACTER SET utf8mb4 COLLATE utf8mb4_general_ci NULL DEFAULT '' COMMENT '菜单类型（M目录 C菜单 F按钮）',
  `visible` char(1) CHARACTER SET utf8mb4 COLLATE utf8mb4_general_ci NULL DEFAULT '0' COMMENT '菜单状态（0显示 1隐藏）',
  `status` char(1) CHARACTER SET utf8mb4 COLLATE utf8mb4_general_ci NULL DEFAULT '0' COMMENT '菜单状态（0正常 1停用）',
  `perms` varchar(100) CHARACTER SET utf8mb4 COLLATE utf8mb4_general_ci NULL DEFAULT NULL COMMENT '权限标识',
  `icon` varchar(100) CHARACTER SET utf8mb4 COLLATE utf8mb4_general_ci NULL DEFAULT '#' COMMENT '菜单图标',
  `create_by` varchar(64) CHARACTER SET utf8mb4 COLLATE utf8mb4_general_ci NULL DEFAULT '' COMMENT '创建者',
  `create_time` datetime(0) NULL DEFAULT NULL COMMENT '创建时间',
  `update_by` varchar(64) CHARACTER SET utf8mb4 COLLATE utf8mb4_general_ci NULL DEFAULT '' COMMENT '更新者',
  `update_time` datetime(0) NULL DEFAULT NULL COMMENT '更新时间',
  `remark` varchar(500) CHARACTER SET utf8mb4 COLLATE utf8mb4_general_ci NULL DEFAULT '' COMMENT '备注',
  PRIMARY KEY (`menu_id`) USING BTREE
) ENGINE = InnoDB AUTO_INCREMENT = 2031 CHARACTER SET = utf8mb4 COLLATE = utf8mb4_general_ci COMMENT = '菜单权限表' ROW_FORMAT = Dynamic;

-- ----------------------------
-- Records of sys_menu
-- ----------------------------
INSERT INTO `sys_menu` VALUES (1, '系统管理', 0, 1, 'system', NULL, '', 1, 0, 'M', '0', '0', '', 'system', 'admin', '2023-01-05 20:54:08', '', NULL, '系统管理目录');
INSERT INTO `sys_menu` VALUES (2, '系统监控', 0, 2, 'monitor', NULL, '', 1, 0, 'M', '0', '0', '', 'monitor', 'admin', '2023-01-05 20:54:08', '', NULL, '系统监控目录');
INSERT INTO `sys_menu` VALUES (3, '系统工具', 0, 3, 'tool', NULL, '', 1, 0, 'M', '0', '0', '', 'tool', 'admin', '2023-01-05 20:54:08', '', NULL, '系统工具目录');
INSERT INTO `sys_menu` VALUES (100, '用户管理', 1, 1, 'user', 'system/user/index', '', 1, 0, 'C', '0', '0', 'system:user:list', 'user', 'admin', '2023-01-05 20:54:08', '', NULL, '用户管理菜单');
INSERT INTO `sys_menu` VALUES (101, '角色管理', 1, 2, 'role', 'system/role/index', '', 1, 0, 'C', '0', '0', 'system:role:list', 'peoples', 'admin', '2023-01-05 20:54:08', '', NULL, '角色管理菜单');
INSERT INTO `sys_menu` VALUES (102, '菜单管理', 1, 3, 'menu', 'system/menu/index', '', 1, 0, 'C', '0', '0', 'system:menu:list', 'tree-table', 'admin', '2023-01-05 20:54:08', '', NULL, '菜单管理菜单');
INSERT INTO `sys_menu` VALUES (103, '部门管理', 1, 4, 'dept', 'system/dept/index', '', 1, 0, 'C', '0', '0', 'system:dept:list', 'tree', 'admin', '2023-01-05 20:54:08', '', NULL, '部门管理菜单');
INSERT INTO `sys_menu` VALUES (104, '岗位管理', 1, 5, 'post', 'system/post/index', '', 1, 0, 'C', '0', '0', 'system:post:list', 'post', 'admin', '2023-01-05 20:54:08', '', NULL, '岗位管理菜单');
INSERT INTO `sys_menu` VALUES (105, '字典管理', 1, 6, 'dict', 'system/dict/index', '', 1, 0, 'C', '0', '0', 'system:dict:list', 'dict', 'admin', '2023-01-05 20:54:08', '', NULL, '字典管理菜单');
INSERT INTO `sys_menu` VALUES (106, '参数设置', 1, 7, 'config', 'system/config/index', '', 1, 0, 'C', '0', '0', 'system:config:list', 'edit', 'admin', '2023-01-05 20:54:08', '', NULL, '参数设置菜单');
INSERT INTO `sys_menu` VALUES (107, '通知公告', 1, 8, 'notice', 'system/notice/index', '', 1, 0, 'C', '0', '0', 'system:notice:list', 'message', 'admin', '2023-01-05 20:54:08', '', NULL, '通知公告菜单');
INSERT INTO `sys_menu` VALUES (108, '日志管理', 1, 9, 'log', '', '', 1, 0, 'M', '0', '0', '', 'log', 'admin', '2023-01-05 20:54:08', '', NULL, '日志管理菜单');
INSERT INTO `sys_menu` VALUES (109, '在线用户', 2, 1, 'online', 'monitor/online/index', '', 1, 0, 'C', '0', '0', 'monitor:online:list', 'online', 'admin', '2023-01-05 20:54:08', '', NULL, '在线用户菜单');
INSERT INTO `sys_menu` VALUES (110, '定时任务', 2, 2, 'job', 'monitor/job/index', '', 1, 0, 'C', '0', '0', 'monitor:job:list', 'job', 'admin', '2023-01-05 20:54:08', '', NULL, '定时任务菜单');
INSERT INTO `sys_menu` VALUES (111, '数据监控', 2, 3, 'druid', 'monitor/druid/index', '', 1, 0, 'C', '0', '0', 'monitor:druid:list', 'druid', 'admin', '2023-01-05 20:54:08', '', NULL, '数据监控菜单');
INSERT INTO `sys_menu` VALUES (112, '服务监控', 2, 4, 'server', 'monitor/server/index', '', 1, 0, 'C', '0', '0', 'monitor:server:list', 'server', 'admin', '2023-01-05 20:54:08', '', NULL, '服务监控菜单');
INSERT INTO `sys_menu` VALUES (113, '缓存监控', 2, 5, 'cache', 'monitor/cache/index', '', 1, 0, 'C', '0', '0', 'monitor:cache:list', 'redis', 'admin', '2023-01-05 20:54:08', '', NULL, '缓存监控菜单');
INSERT INTO `sys_menu` VALUES (114, '缓存列表', 2, 6, 'cacheList', 'monitor/cache/list', '', 1, 0, 'C', '0', '0', 'monitor:cache:list', 'redis-list', 'admin', '2023-01-05 20:54:08', '', NULL, '缓存列表菜单');
INSERT INTO `sys_menu` VALUES (115, '表单构建', 3, 1, 'build', 'tool/build/index', '', 1, 0, 'C', '0', '0', 'tool:build:list', 'build', 'admin', '2023-01-05 20:54:08', '', NULL, '表单构建菜单');
INSERT INTO `sys_menu` VALUES (116, '代码生成', 3, 2, 'gen', 'tool/gen/index', '', 1, 0, 'C', '0', '0', 'tool:gen:list', 'code', 'admin', '2023-01-05 20:54:08', '', NULL, '代码生成菜单');
INSERT INTO `sys_menu` VALUES (117, '系统接口', 3, 3, 'swagger', 'tool/swagger/index', '', 1, 0, 'C', '0', '0', 'tool:swagger:list', 'swagger', 'admin', '2023-01-05 20:54:08', '', NULL, '系统接口菜单');
INSERT INTO `sys_menu` VALUES (500, '操作日志', 108, 1, 'operlog', 'monitor/operlog/index', '', 1, 0, 'C', '0', '0', 'monitor:operlog:list', 'form', 'admin', '2023-01-05 20:54:08', '', NULL, '操作日志菜单');
INSERT INTO `sys_menu` VALUES (501, '登录日志', 108, 2, 'logininfor', 'monitor/logininfor/index', '', 1, 0, 'C', '0', '0', 'monitor:logininfor:list', 'logininfor', 'admin', '2023-01-05 20:54:08', '', NULL, '登录日志菜单');
INSERT INTO `sys_menu` VALUES (1000, '用户查询', 100, 1, '', '', '', 1, 0, 'F', '0', '0', 'system:user:query', '#', 'admin', '2023-01-05 20:54:08', '', NULL, '');
INSERT INTO `sys_menu` VALUES (1001, '用户新增', 100, 2, '', '', '', 1, 0, 'F', '0', '0', 'system:user:add', '#', 'admin', '2023-01-05 20:54:08', '', NULL, '');
INSERT INTO `sys_menu` VALUES (1002, '用户修改', 100, 3, '', '', '', 1, 0, 'F', '0', '0', 'system:user:edit', '#', 'admin', '2023-01-05 20:54:08', '', NULL, '');
INSERT INTO `sys_menu` VALUES (1003, '用户删除', 100, 4, '', '', '', 1, 0, 'F', '0', '0', 'system:user:remove', '#', 'admin', '2023-01-05 20:54:08', '', NULL, '');
INSERT INTO `sys_menu` VALUES (1004, '用户导出', 100, 5, '', '', '', 1, 0, 'F', '0', '0', 'system:user:export', '#', 'admin', '2023-01-05 20:54:08', '', NULL, '');
INSERT INTO `sys_menu` VALUES (1005, '用户导入', 100, 6, '', '', '', 1, 0, 'F', '0', '0', 'system:user:import', '#', 'admin', '2023-01-05 20:54:08', '', NULL, '');
INSERT INTO `sys_menu` VALUES (1006, '重置密码', 100, 7, '', '', '', 1, 0, 'F', '0', '0', 'system:user:resetPwd', '#', 'admin', '2023-01-05 20:54:08', '', NULL, '');
INSERT INTO `sys_menu` VALUES (1007, '角色查询', 101, 1, '', '', '', 1, 0, 'F', '0', '0', 'system:role:query', '#', 'admin', '2023-01-05 20:54:08', '', NULL, '');
INSERT INTO `sys_menu` VALUES (1008, '角色新增', 101, 2, '', '', '', 1, 0, 'F', '0', '0', 'system:role:add', '#', 'admin', '2023-01-05 20:54:08', '', NULL, '');
INSERT INTO `sys_menu` VALUES (1009, '角色修改', 101, 3, '', '', '', 1, 0, 'F', '0', '0', 'system:role:edit', '#', 'admin', '2023-01-05 20:54:08', '', NULL, '');
INSERT INTO `sys_menu` VALUES (1010, '角色删除', 101, 4, '', '', '', 1, 0, 'F', '0', '0', 'system:role:remove', '#', 'admin', '2023-01-05 20:54:08', '', NULL, '');
INSERT INTO `sys_menu` VALUES (1011, '角色导出', 101, 5, '', '', '', 1, 0, 'F', '0', '0', 'system:role:export', '#', 'admin', '2023-01-05 20:54:08', '', NULL, '');
INSERT INTO `sys_menu` VALUES (1012, '菜单查询', 102, 1, '', '', '', 1, 0, 'F', '0', '0', 'system:menu:query', '#', 'admin', '2023-01-05 20:54:08', '', NULL, '');
INSERT INTO `sys_menu` VALUES (1013, '菜单新增', 102, 2, '', '', '', 1, 0, 'F', '0', '0', 'system:menu:add', '#', 'admin', '2023-01-05 20:54:08', '', NULL, '');
INSERT INTO `sys_menu` VALUES (1014, '菜单修改', 102, 3, '', '', '', 1, 0, 'F', '0', '0', 'system:menu:edit', '#', 'admin', '2023-01-05 20:54:08', '', NULL, '');
INSERT INTO `sys_menu` VALUES (1015, '菜单删除', 102, 4, '', '', '', 1, 0, 'F', '0', '0', 'system:menu:remove', '#', 'admin', '2023-01-05 20:54:08', '', NULL, '');
INSERT INTO `sys_menu` VALUES (1016, '部门查询', 103, 1, '', '', '', 1, 0, 'F', '0', '0', 'system:dept:query', '#', 'admin', '2023-01-05 20:54:08', '', NULL, '');
INSERT INTO `sys_menu` VALUES (1017, '部门新增', 103, 2, '', '', '', 1, 0, 'F', '0', '0', 'system:dept:add', '#', 'admin', '2023-01-05 20:54:08', '', NULL, '');
INSERT INTO `sys_menu` VALUES (1018, '部门修改', 103, 3, '', '', '', 1, 0, 'F', '0', '0', 'system:dept:edit', '#', 'admin', '2023-01-05 20:54:08', '', NULL, '');
INSERT INTO `sys_menu` VALUES (1019, '部门删除', 103, 4, '', '', '', 1, 0, 'F', '0', '0', 'system:dept:remove', '#', 'admin', '2023-01-05 20:54:08', '', NULL, '');
INSERT INTO `sys_menu` VALUES (1020, '岗位查询', 104, 1, '', '', '', 1, 0, 'F', '0', '0', 'system:post:query', '#', 'admin', '2023-01-05 20:54:08', '', NULL, '');
INSERT INTO `sys_menu` VALUES (1021, '岗位新增', 104, 2, '', '', '', 1, 0, 'F', '0', '0', 'system:post:add', '#', 'admin', '2023-01-05 20:54:08', '', NULL, '');
INSERT INTO `sys_menu` VALUES (1022, '岗位修改', 104, 3, '', '', '', 1, 0, 'F', '0', '0', 'system:post:edit', '#', 'admin', '2023-01-05 20:54:08', '', NULL, '');
INSERT INTO `sys_menu` VALUES (1023, '岗位删除', 104, 4, '', '', '', 1, 0, 'F', '0', '0', 'system:post:remove', '#', 'admin', '2023-01-05 20:54:08', '', NULL, '');
INSERT INTO `sys_menu` VALUES (1024, '岗位导出', 104, 5, '', '', '', 1, 0, 'F', '0', '0', 'system:post:export', '#', 'admin', '2023-01-05 20:54:08', '', NULL, '');
INSERT INTO `sys_menu` VALUES (1025, '字典查询', 105, 1, '#', '', '', 1, 0, 'F', '0', '0', 'system:dict:query', '#', 'admin', '2023-01-05 20:54:08', '', NULL, '');
INSERT INTO `sys_menu` VALUES (1026, '字典新增', 105, 2, '#', '', '', 1, 0, 'F', '0', '0', 'system:dict:add', '#', 'admin', '2023-01-05 20:54:08', '', NULL, '');
INSERT INTO `sys_menu` VALUES (1027, '字典修改', 105, 3, '#', '', '', 1, 0, 'F', '0', '0', 'system:dict:edit', '#', 'admin', '2023-01-05 20:54:08', '', NULL, '');
INSERT INTO `sys_menu` VALUES (1028, '字典删除', 105, 4, '#', '', '', 1, 0, 'F', '0', '0', 'system:dict:remove', '#', 'admin', '2023-01-05 20:54:08', '', NULL, '');
INSERT INTO `sys_menu` VALUES (1029, '字典导出', 105, 5, '#', '', '', 1, 0, 'F', '0', '0', 'system:dict:export', '#', 'admin', '2023-01-05 20:54:08', '', NULL, '');
INSERT INTO `sys_menu` VALUES (1030, '参数查询', 106, 1, '#', '', '', 1, 0, 'F', '0', '0', 'system:config:query', '#', 'admin', '2023-01-05 20:54:08', '', NULL, '');
INSERT INTO `sys_menu` VALUES (1031, '参数新增', 106, 2, '#', '', '', 1, 0, 'F', '0', '0', 'system:config:add', '#', 'admin', '2023-01-05 20:54:08', '', NULL, '');
INSERT INTO `sys_menu` VALUES (1032, '参数修改', 106, 3, '#', '', '', 1, 0, 'F', '0', '0', 'system:config:edit', '#', 'admin', '2023-01-05 20:54:08', '', NULL, '');
INSERT INTO `sys_menu` VALUES (1033, '参数删除', 106, 4, '#', '', '', 1, 0, 'F', '0', '0', 'system:config:remove', '#', 'admin', '2023-01-05 20:54:08', '', NULL, '');
INSERT INTO `sys_menu` VALUES (1034, '参数导出', 106, 5, '#', '', '', 1, 0, 'F', '0', '0', 'system:config:export', '#', 'admin', '2023-01-05 20:54:08', '', NULL, '');
INSERT INTO `sys_menu` VALUES (1035, '公告查询', 107, 1, '#', '', '', 1, 0, 'F', '0', '0', 'system:notice:query', '#', 'admin', '2023-01-05 20:54:08', '', NULL, '');
INSERT INTO `sys_menu` VALUES (1036, '公告新增', 107, 2, '#', '', '', 1, 0, 'F', '0', '0', 'system:notice:add', '#', 'admin', '2023-01-05 20:54:08', '', NULL, '');
INSERT INTO `sys_menu` VALUES (1037, '公告修改', 107, 3, '#', '', '', 1, 0, 'F', '0', '0', 'system:notice:edit', '#', 'admin', '2023-01-05 20:54:08', '', NULL, '');
INSERT INTO `sys_menu` VALUES (1038, '公告删除', 107, 4, '#', '', '', 1, 0, 'F', '0', '0', 'system:notice:remove', '#', 'admin', '2023-01-05 20:54:08', '', NULL, '');
INSERT INTO `sys_menu` VALUES (1039, '操作查询', 500, 1, '#', '', '', 1, 0, 'F', '0', '0', 'monitor:operlog:query', '#', 'admin', '2023-01-05 20:54:08', '', NULL, '');
INSERT INTO `sys_menu` VALUES (1040, '操作删除', 500, 2, '#', '', '', 1, 0, 'F', '0', '0', 'monitor:operlog:remove', '#', 'admin', '2023-01-05 20:54:08', '', NULL, '');
INSERT INTO `sys_menu` VALUES (1041, '日志导出', 500, 3, '#', '', '', 1, 0, 'F', '0', '0', 'monitor:operlog:export', '#', 'admin', '2023-01-05 20:54:08', '', NULL, '');
INSERT INTO `sys_menu` VALUES (1042, '登录查询', 501, 1, '#', '', '', 1, 0, 'F', '0', '0', 'monitor:logininfor:query', '#', 'admin', '2023-01-05 20:54:08', '', NULL, '');
INSERT INTO `sys_menu` VALUES (1043, '登录删除', 501, 2, '#', '', '', 1, 0, 'F', '0', '0', 'monitor:logininfor:remove', '#', 'admin', '2023-01-05 20:54:08', '', NULL, '');
INSERT INTO `sys_menu` VALUES (1044, '日志导出', 501, 3, '#', '', '', 1, 0, 'F', '0', '0', 'monitor:logininfor:export', '#', 'admin', '2023-01-05 20:54:08', '', NULL, '');
INSERT INTO `sys_menu` VALUES (1045, '账户解锁', 501, 4, '#', '', '', 1, 0, 'F', '0', '0', 'monitor:logininfor:unlock', '#', 'admin', '2023-01-05 20:54:08', '', NULL, '');
INSERT INTO `sys_menu` VALUES (1046, '在线查询', 109, 1, '#', '', '', 1, 0, 'F', '0', '0', 'monitor:online:query', '#', 'admin', '2023-01-05 20:54:08', '', NULL, '');
INSERT INTO `sys_menu` VALUES (1047, '批量强退', 109, 2, '#', '', '', 1, 0, 'F', '0', '0', 'monitor:online:batchLogout', '#', 'admin', '2023-01-05 20:54:08', '', NULL, '');
INSERT INTO `sys_menu` VALUES (1048, '单条强退', 109, 3, '#', '', '', 1, 0, 'F', '0', '0', 'monitor:online:forceLogout', '#', 'admin', '2023-01-05 20:54:08', '', NULL, '');
INSERT INTO `sys_menu` VALUES (1049, '任务查询', 110, 1, '#', '', '', 1, 0, 'F', '0', '0', 'monitor:job:query', '#', 'admin', '2023-01-05 20:54:08', '', NULL, '');
INSERT INTO `sys_menu` VALUES (1050, '任务新增', 110, 2, '#', '', '', 1, 0, 'F', '0', '0', 'monitor:job:add', '#', 'admin', '2023-01-05 20:54:08', '', NULL, '');
INSERT INTO `sys_menu` VALUES (1051, '任务修改', 110, 3, '#', '', '', 1, 0, 'F', '0', '0', 'monitor:job:edit', '#', 'admin', '2023-01-05 20:54:08', '', NULL, '');
INSERT INTO `sys_menu` VALUES (1052, '任务删除', 110, 4, '#', '', '', 1, 0, 'F', '0', '0', 'monitor:job:remove', '#', 'admin', '2023-01-05 20:54:08', '', NULL, '');
INSERT INTO `sys_menu` VALUES (1053, '状态修改', 110, 5, '#', '', '', 1, 0, 'F', '0', '0', 'monitor:job:changeStatus', '#', 'admin', '2023-01-05 20:54:08', '', NULL, '');
INSERT INTO `sys_menu` VALUES (1054, '任务导出', 110, 6, '#', '', '', 1, 0, 'F', '0', '0', 'monitor:job:export', '#', 'admin', '2023-01-05 20:54:08', '', NULL, '');
INSERT INTO `sys_menu` VALUES (1055, '生成查询', 116, 1, '#', '', '', 1, 0, 'F', '0', '0', 'tool:gen:query', '#', 'admin', '2023-01-05 20:54:08', '', NULL, '');
INSERT INTO `sys_menu` VALUES (1056, '生成修改', 116, 2, '#', '', '', 1, 0, 'F', '0', '0', 'tool:gen:edit', '#', 'admin', '2023-01-05 20:54:08', '', NULL, '');
INSERT INTO `sys_menu` VALUES (1057, '生成删除', 116, 3, '#', '', '', 1, 0, 'F', '0', '0', 'tool:gen:remove', '#', 'admin', '2023-01-05 20:54:08', '', NULL, '');
INSERT INTO `sys_menu` VALUES (1058, '导入代码', 116, 4, '#', '', '', 1, 0, 'F', '0', '0', 'tool:gen:import', '#', 'admin', '2023-01-05 20:54:08', '', NULL, '');
INSERT INTO `sys_menu` VALUES (1059, '预览代码', 116, 5, '#', '', '', 1, 0, 'F', '0', '0', 'tool:gen:preview', '#', 'admin', '2023-01-05 20:54:08', '', NULL, '');
INSERT INTO `sys_menu` VALUES (1060, '生成代码', 116, 6, '#', '', '', 1, 0, 'F', '0', '0', 'tool:gen:code', '#', 'admin', '2023-01-05 20:54:08', '', NULL, '');
INSERT INTO `sys_menu` VALUES (2012, '生成示例', 0, 4, 'test', NULL, NULL, 1, 0, 'M', '0', '0', '', 'table', 'test', '2023-01-10 20:44:12', 'admin', '2023-02-08 23:26:26', '');
INSERT INTO `sys_menu` VALUES (2025, '学生信息', 2012, 1, 'testStudent', 'test/testStudent/index', NULL, 1, 0, 'C', '0', '0', 'test:testStudent:query', 'user', 'admin', '2023-01-10 22:42:16', 'admin', '2023-01-10 22:58:11', '学生信息菜单');
INSERT INTO `sys_menu` VALUES (2026, '学生信息分页', 2025, 1, '#', '', NULL, 1, 0, 'F', '0', '0', 'test:testStudent:detail', '#', 'admin', '2023-01-10 22:42:16', '', NULL, '');
INSERT INTO `sys_menu` VALUES (2027, '学生信息新增', 2025, 2, '#', '', NULL, 1, 0, 'F', '0', '0', 'test:testStudent:save', '#', 'admin', '2023-01-10 22:42:16', '', NULL, '');
INSERT INTO `sys_menu` VALUES (2028, '学生信息修改', 2025, 3, '#', '', NULL, 1, 0, 'F', '0', '0', 'test:testStudent:update', '#', 'admin', '2023-01-10 22:42:16', '', NULL, '');
INSERT INTO `sys_menu` VALUES (2029, '学生信息删除', 2025, 4, '#', '', NULL, 1, 0, 'F', '0', '0', 'test:testStudent:remove', '#', 'admin', '2023-01-10 22:42:16', '', NULL, '');
INSERT INTO `sys_menu` VALUES (2030, '学生信息导出', 2025, 5, '#', '', NULL, 1, 0, 'F', '0', '0', 'test:testStudent:export', '#', 'admin', '2023-01-10 22:42:16', '', NULL, '');

-- ----------------------------
-- Table structure for sys_notice
-- ----------------------------
DROP TABLE IF EXISTS `sys_notice`;
CREATE TABLE `sys_notice`  (
  `notice_id` int(4) NOT NULL AUTO_INCREMENT COMMENT '公告ID',
  `notice_title` varchar(50) CHARACTER SET utf8mb4 COLLATE utf8mb4_general_ci NOT NULL COMMENT '公告标题',
  `notice_type` char(1) CHARACTER SET utf8mb4 COLLATE utf8mb4_general_ci NOT NULL COMMENT '公告类型（1通知 2公告）',
  `notice_content` longblob NULL COMMENT '公告内容',
  `status` char(1) CHARACTER SET utf8mb4 COLLATE utf8mb4_general_ci NULL DEFAULT '0' COMMENT '公告状态（0正常 1关闭）',
  `create_by` varchar(64) CHARACTER SET utf8mb4 COLLATE utf8mb4_general_ci NULL DEFAULT '' COMMENT '创建者',
  `create_time` datetime(0) NULL DEFAULT NULL COMMENT '创建时间',
  `update_by` varchar(64) CHARACTER SET utf8mb4 COLLATE utf8mb4_general_ci NULL DEFAULT '' COMMENT '更新者',
  `update_time` datetime(0) NULL DEFAULT NULL COMMENT '更新时间',
  `remark` varchar(255) CHARACTER SET utf8mb4 COLLATE utf8mb4_general_ci NULL DEFAULT NULL COMMENT '备注',
  PRIMARY KEY (`notice_id`) USING BTREE
) ENGINE = InnoDB AUTO_INCREMENT = 11 CHARACTER SET = utf8mb4 COLLATE = utf8mb4_general_ci COMMENT = '通知公告表' ROW_FORMAT = Dynamic;

-- ----------------------------
-- Records of sys_notice
-- ----------------------------
INSERT INTO `sys_notice` VALUES (1, '温馨提醒：2018-07-01 若依新版本发布啦', '2', 0xE696B0E78988E69CACE58685E5AEB9, '0', 'admin', '2023-01-05 20:54:09', '', NULL, '管理员');
INSERT INTO `sys_notice` VALUES (2, '维护通知：2018-07-01 若依系统凌晨维护', '1', 0xE7BBB4E68AA4E58685E5AEB9, '0', 'admin', '2023-01-05 20:54:09', '', NULL, '管理员');
INSERT INTO `sys_notice` VALUES (10, '测试', '1', 0xE6B58BE8AF95, '0', 'admin', '2023-01-05 22:33:30', '', NULL, NULL);

-- ----------------------------
-- Table structure for sys_oper_log
-- ----------------------------
DROP TABLE IF EXISTS `sys_oper_log`;
CREATE TABLE `sys_oper_log`  (
  `oper_id` bigint(20) NOT NULL AUTO_INCREMENT COMMENT '日志主键',
  `title` varchar(50) CHARACTER SET utf8mb4 COLLATE utf8mb4_general_ci NULL DEFAULT '' COMMENT '模块标题',
  `business_type` int(2) NULL DEFAULT 0 COMMENT '业务类型（0其它 1新增 2修改 3删除）',
  `method` varchar(100) CHARACTER SET utf8mb4 COLLATE utf8mb4_general_ci NULL DEFAULT '' COMMENT '方法名称',
  `request_method` varchar(10) CHARACTER SET utf8mb4 COLLATE utf8mb4_general_ci NULL DEFAULT '' COMMENT '请求方式',
  `operator_type` int(1) NULL DEFAULT 0 COMMENT '操作类别（0其它 1后台用户 2手机端用户）',
  `oper_name` varchar(50) CHARACTER SET utf8mb4 COLLATE utf8mb4_general_ci NULL DEFAULT '' COMMENT '操作人员',
  `dept_name` varchar(50) CHARACTER SET utf8mb4 COLLATE utf8mb4_general_ci NULL DEFAULT '' COMMENT '部门名称',
  `oper_url` varchar(255) CHARACTER SET utf8mb4 COLLATE utf8mb4_general_ci NULL DEFAULT '' COMMENT '请求URL',
  `oper_ip` varchar(128) CHARACTER SET utf8mb4 COLLATE utf8mb4_general_ci NULL DEFAULT '' COMMENT '主机地址',
  `oper_location` varchar(255) CHARACTER SET utf8mb4 COLLATE utf8mb4_general_ci NULL DEFAULT '' COMMENT '操作地点',
  `oper_param` varchar(2000) CHARACTER SET utf8mb4 COLLATE utf8mb4_general_ci NULL DEFAULT '' COMMENT '请求参数',
  `json_result` varchar(2000) CHARACTER SET utf8mb4 COLLATE utf8mb4_general_ci NULL DEFAULT '' COMMENT '返回参数',
  `status` int(1) NULL DEFAULT 0 COMMENT '操作状态（0正常 1异常）',
  `error_msg` varchar(2000) CHARACTER SET utf8mb4 COLLATE utf8mb4_general_ci NULL DEFAULT '' COMMENT '错误消息',
  `oper_time` datetime(0) NULL DEFAULT NULL COMMENT '操作时间',
  PRIMARY KEY (`oper_id`) USING BTREE
) ENGINE = InnoDB AUTO_INCREMENT = 312 CHARACTER SET = utf8mb4 COLLATE = utf8mb4_general_ci COMMENT = '操作日志记录' ROW_FORMAT = Dynamic;

-- ----------------------------
-- Records of sys_oper_log
-- ----------------------------
INSERT INTO `sys_oper_log` VALUES (100, '代码生成', 6, 'com.ruoyi.project.tool.gen.controller.GenController.importTableSave()', 'POST', 1, 'admin', NULL, '/tool/gen/importTable', '127.0.0.1', '内网IP', '\"sys_post\"', '{\"msg\":\"操作成功\",\"code\":200}', 0, NULL, '2023-01-05 21:04:21');
INSERT INTO `sys_oper_log` VALUES (101, '代码生成', 8, 'com.ruoyi.project.tool.gen.controller.GenController.batchGenCode()', 'GET', 1, 'admin', NULL, '/tool/gen/batchGenCode', '127.0.0.1', '内网IP', '{\"tables\":\"sys_post\"}', NULL, 0, NULL, '2023-01-05 21:05:41');
INSERT INTO `sys_oper_log` VALUES (102, '角色管理', 2, 'com.ruoyi.project.system.controller.SysRoleController.changeStatus()', 'PUT', 1, 'admin', NULL, '/system/role/changeStatus', '127.0.0.1', '内网IP', '{\"admin\":true,\"deptCheckStrictly\":false,\"flag\":false,\"menuCheckStrictly\":false,\"params\":{},\"roleId\":1,\"status\":\"1\"}', NULL, 1, '不允许操作超级管理员角色', '2023-01-05 21:07:26');
INSERT INTO `sys_oper_log` VALUES (103, '角色管理', 2, 'com.ruoyi.project.system.controller.SysRoleController.changeStatus()', 'PUT', 1, 'admin', NULL, '/system/role/changeStatus', '127.0.0.1', '内网IP', '{\"admin\":false,\"deptCheckStrictly\":false,\"flag\":false,\"menuCheckStrictly\":false,\"params\":{},\"roleId\":2,\"status\":\"1\",\"updateBy\":\"admin\"}', '{\"msg\":\"操作成功\",\"code\":200}', 0, NULL, '2023-01-05 21:07:29');
INSERT INTO `sys_oper_log` VALUES (104, '角色管理', 2, 'com.ruoyi.project.system.controller.SysRoleController.changeStatus()', 'PUT', 1, 'admin', NULL, '/system/role/changeStatus', '127.0.0.1', '内网IP', '{\"admin\":false,\"deptCheckStrictly\":false,\"flag\":false,\"menuCheckStrictly\":false,\"params\":{},\"roleId\":2,\"status\":\"0\",\"updateBy\":\"admin\"}', '{\"msg\":\"操作成功\",\"code\":200}', 0, NULL, '2023-01-05 21:07:32');
INSERT INTO `sys_oper_log` VALUES (105, '定时任务', 2, 'com.ruoyi.project.monitor.controller.SysJobController.run()', 'PUT', 1, 'admin', NULL, '/monitor/job/run', '127.0.0.1', '内网IP', '{\"jobGroup\":\"DEFAULT\",\"jobId\":1,\"misfirePolicy\":\"0\",\"params\":{}}', '{\"msg\":\"操作成功\",\"code\":200}', 0, NULL, '2023-01-05 21:40:43');
INSERT INTO `sys_oper_log` VALUES (106, '在线用户', 7, 'com.ruoyi.project.monitor.controller.SysUserOnlineController.forceLogout()', 'DELETE', 1, 'admin', NULL, '/monitor/online/9ab0e541-395b-48fe-9ec8-ff2615f3208f', '127.0.0.1', '内网IP', '{}', '{\"msg\":\"操作成功\",\"code\":200}', 0, NULL, '2023-01-05 21:41:09');
INSERT INTO `sys_oper_log` VALUES (107, '菜单管理', 3, 'com.ruoyi.project.system.controller.SysMenuController.remove()', 'DELETE', 1, 'admin', NULL, '/system/menu/4', '127.0.0.1', '内网IP', '{}', '{\"msg\":\"菜单已分配,不允许删除\",\"code\":601}', 0, NULL, '2023-01-05 21:43:08');
INSERT INTO `sys_oper_log` VALUES (108, '菜单管理', 3, 'com.ruoyi.project.system.controller.SysMenuController.remove()', 'DELETE', 1, 'admin', NULL, '/system/menu/4', '127.0.0.1', '内网IP', '{}', '{\"msg\":\"菜单已分配,不允许删除\",\"code\":601}', 0, NULL, '2023-01-05 21:43:19');
INSERT INTO `sys_oper_log` VALUES (109, '角色管理', 2, 'com.ruoyi.project.system.controller.SysRoleController.edit()', 'PUT', 1, 'admin', NULL, '/system/role', '127.0.0.1', '内网IP', '{\"admin\":false,\"createTime\":\"2023-01-05 20:54:08\",\"dataScope\":\"2\",\"delFlag\":\"0\",\"deptCheckStrictly\":false,\"flag\":false,\"menuCheckStrictly\":false,\"menuIds\":[1,100,1000,1001,1002,1003,1004,1005,1006,101,1007,1008,1009,1010,1011,102,1012,1013,1014,1015,103,1016,1017,1018,1019,104,1020,1021,1022,1023,1024,105,1025,1026,1027,1028,1029,106,1030,1031,1032,1033,1034,107,1035,1036,1037,1038,108,500,1039,1040,1041,501,1042,1043,1044,1045,2,109,1046,1047,1048,110,1049,1050,1051,1052,1053,1054,111,112,113,114,3,115,116,1055,1056,1057,1058,1059,1060,117],\"params\":{},\"remark\":\"普通角色\",\"roleId\":2,\"roleKey\":\"common\",\"roleName\":\"普通角色\",\"roleSort\":2,\"status\":\"0\",\"updateBy\":\"admin\"}', '{\"msg\":\"操作成功\",\"code\":200}', 0, NULL, '2023-01-05 21:43:44');
INSERT INTO `sys_oper_log` VALUES (110, '菜单管理', 3, 'com.ruoyi.project.system.controller.SysMenuController.remove()', 'DELETE', 1, 'admin', NULL, '/system/menu/4', '127.0.0.1', '内网IP', '{}', '{\"msg\":\"操作成功\",\"code\":200}', 0, NULL, '2023-01-05 21:43:51');
INSERT INTO `sys_oper_log` VALUES (111, '用户管理', 2, 'com.ruoyi.project.system.controller.SysUserController.changeStatus()', 'PUT', 1, 'admin', NULL, '/system/user/changeStatus', '127.0.0.1', '内网IP', '{\"admin\":true,\"params\":{},\"status\":\"1\",\"userId\":1}', NULL, 1, '不允许操作超级管理员用户', '2023-01-05 21:51:51');
INSERT INTO `sys_oper_log` VALUES (112, '定时任务', 5, 'com.ruoyi.project.monitor.controller.SysJobController.export()', 'POST', 1, 'admin', NULL, '/monitor/job/export', '127.0.0.1', '内网IP', '{\"misfirePolicy\":\"0\",\"params\":{}}', NULL, 0, NULL, '2023-01-05 22:01:35');
INSERT INTO `sys_oper_log` VALUES (113, '调度日志', 9, 'com.ruoyi.project.monitor.controller.SysJobLogController.clean()', 'DELETE', 1, 'admin', NULL, '/monitor/jobLog/clean', '127.0.0.1', '内网IP', '{}', '{\"msg\":\"操作成功\",\"code\":200}', 0, NULL, '2023-01-05 22:03:49');
INSERT INTO `sys_oper_log` VALUES (114, '参数管理', 9, 'com.ruoyi.project.system.controller.SysConfigController.refreshCache()', 'DELETE', 1, 'admin', NULL, '/system/config/refreshCache', '127.0.0.1', '内网IP', '{}', '{\"msg\":\"操作成功\",\"code\":200}', 0, NULL, '2023-01-05 22:04:50');
INSERT INTO `sys_oper_log` VALUES (115, '参数管理', 2, 'com.ruoyi.project.system.controller.SysConfigController.edit()', 'PUT', 1, 'admin', NULL, '/system/config', '127.0.0.1', '内网IP', '{\"configId\":1,\"configKey\":\"sys.index.skinName\",\"configName\":\"主框架页-默认皮肤样式名称\",\"configType\":\"Y\",\"configValue\":\"skin-green\",\"createBy\":\"admin\",\"createTime\":\"2023-01-05 20:54:09\",\"params\":{},\"remark\":\"蓝色 skin-blue、绿色 skin-green、紫色 skin-purple、红色 skin-red、黄色 skin-yellow\",\"updateBy\":\"admin\"}', '{\"msg\":\"操作成功\",\"code\":200}', 0, NULL, '2023-01-05 22:05:12');
INSERT INTO `sys_oper_log` VALUES (116, '参数管理', 9, 'com.ruoyi.project.system.controller.SysConfigController.refreshCache()', 'DELETE', 1, 'admin', NULL, '/system/config/refreshCache', '127.0.0.1', '内网IP', '{}', '{\"msg\":\"操作成功\",\"code\":200}', 0, NULL, '2023-01-05 22:05:16');
INSERT INTO `sys_oper_log` VALUES (117, '参数管理', 9, 'com.ruoyi.project.system.controller.SysConfigController.refreshCache()', 'DELETE', 1, 'admin', NULL, '/system/config/refreshCache', '127.0.0.1', '内网IP', '{}', '{\"msg\":\"操作成功\",\"code\":200}', 0, NULL, '2023-01-05 22:05:17');
INSERT INTO `sys_oper_log` VALUES (118, '参数管理', 2, 'com.ruoyi.project.system.controller.SysConfigController.edit()', 'PUT', 1, 'admin', NULL, '/system/config', '127.0.0.1', '内网IP', '{\"configId\":1,\"configKey\":\"sys.index.skinName\",\"configName\":\"主框架页-默认皮肤样式名称\",\"configType\":\"Y\",\"configValue\":\"skin-yellow\",\"createBy\":\"admin\",\"createTime\":\"2023-01-05 20:54:09\",\"params\":{},\"remark\":\"蓝色 skin-blue、绿色 skin-green、紫色 skin-purple、红色 skin-red、黄色 skin-yellow\",\"updateBy\":\"admin\",\"updateTime\":\"2023-01-05 22:05:12\"}', '{\"msg\":\"操作成功\",\"code\":200}', 0, NULL, '2023-01-05 22:05:38');
INSERT INTO `sys_oper_log` VALUES (119, '参数管理', 9, 'com.ruoyi.project.system.controller.SysConfigController.refreshCache()', 'DELETE', 1, 'admin', NULL, '/system/config/refreshCache', '127.0.0.1', '内网IP', '{}', '{\"msg\":\"操作成功\",\"code\":200}', 0, NULL, '2023-01-05 22:05:41');
INSERT INTO `sys_oper_log` VALUES (120, '参数管理', 3, 'com.ruoyi.project.system.controller.SysConfigController.remove()', 'DELETE', 1, 'admin', NULL, '/system/config/1', '127.0.0.1', '内网IP', '{}', NULL, 1, '内置参数【sys.index.skinName】不能删除 ', '2023-01-05 22:06:08');
INSERT INTO `sys_oper_log` VALUES (121, '参数管理', 2, 'com.ruoyi.project.system.controller.SysConfigController.edit()', 'PUT', 1, 'admin', NULL, '/system/config', '127.0.0.1', '内网IP', '{\"configId\":3,\"configKey\":\"sys.index.sideTheme\",\"configName\":\"主框架页-侧边栏主题\",\"configType\":\"Y\",\"configValue\":\"theme-light\",\"createBy\":\"admin\",\"createTime\":\"2023-01-05 20:54:09\",\"params\":{},\"remark\":\"深色主题theme-dark，浅色主题theme-light\",\"updateBy\":\"admin\"}', '{\"msg\":\"操作成功\",\"code\":200}', 0, NULL, '2023-01-05 22:06:33');
INSERT INTO `sys_oper_log` VALUES (122, '参数管理', 9, 'com.ruoyi.project.system.controller.SysConfigController.refreshCache()', 'DELETE', 1, 'admin', NULL, '/system/config/refreshCache', '127.0.0.1', '内网IP', '{}', '{\"msg\":\"操作成功\",\"code\":200}', 0, NULL, '2023-01-05 22:06:35');
INSERT INTO `sys_oper_log` VALUES (123, '参数管理', 2, 'com.ruoyi.project.system.controller.SysConfigController.edit()', 'PUT', 1, 'admin', NULL, '/system/config', '127.0.0.1', '内网IP', '{\"configId\":3,\"configKey\":\"sys.index.sideTheme\",\"configName\":\"主框架页-侧边栏主题\",\"configType\":\"Y\",\"configValue\":\"theme-dark\",\"createBy\":\"admin\",\"createTime\":\"2023-01-05 20:54:09\",\"params\":{},\"remark\":\"深色主题theme-dark，浅色主题theme-light\",\"updateBy\":\"admin\",\"updateTime\":\"2023-01-05 22:06:32\"}', '{\"msg\":\"操作成功\",\"code\":200}', 0, NULL, '2023-01-05 22:06:52');
INSERT INTO `sys_oper_log` VALUES (124, '用户管理', 2, 'com.ruoyi.project.system.controller.SysUserController.resetPwd()', 'PUT', 1, 'admin', NULL, '/system/user/resetPwd', '127.0.0.1', '内网IP', '{\"admin\":false,\"params\":{},\"updateBy\":\"admin\",\"userId\":2}', '{\"msg\":\"操作成功\",\"code\":200}', 0, NULL, '2023-01-05 22:13:44');
INSERT INTO `sys_oper_log` VALUES (125, '在线用户', 7, 'com.ruoyi.project.monitor.controller.SysUserOnlineController.forceLogout()', 'DELETE', 1, 'admin', NULL, '/monitor/online/111b0c1a-1e7d-4709-aef4-0c89b8574f5f', '127.0.0.1', '内网IP', '{}', '{\"msg\":\"操作成功\",\"code\":200}', 0, NULL, '2023-01-05 22:17:13');
INSERT INTO `sys_oper_log` VALUES (126, '通知公告', 1, 'com.ruoyi.project.system.controller.SysNoticeController.add()', 'POST', 1, 'admin', NULL, '/system/notice', '127.0.0.1', '内网IP', '{\"createBy\":\"admin\",\"noticeContent\":\"测试\",\"noticeTitle\":\"测试\",\"noticeType\":\"1\",\"params\":{},\"status\":\"0\"}', '{\"msg\":\"操作成功\",\"code\":200}', 0, NULL, '2023-01-05 22:33:30');
INSERT INTO `sys_oper_log` VALUES (127, '用户管理', 1, 'com.ruoyi.project.system.controller.SysUserController.add()', 'POST', 1, 'admin', NULL, '/system/user', '127.0.0.1', '内网IP', '{\"admin\":false,\"createBy\":\"admin\",\"nickName\":\"test\",\"params\":{},\"postIds\":[],\"roleIds\":[],\"status\":\"0\",\"userId\":100,\"userName\":\"测试\"}', '{\"msg\":\"操作成功\",\"code\":200}', 0, NULL, '2023-01-05 22:42:33');
INSERT INTO `sys_oper_log` VALUES (128, '用户管理', 2, 'com.ruoyi.project.system.controller.SysUserController.edit()', 'PUT', 1, 'admin', NULL, '/system/user', '127.0.0.1', '内网IP', '{\"admin\":false,\"avatar\":\"\",\"createBy\":\"admin\",\"createTime\":\"2023-01-05 22:42:33\",\"delFlag\":\"0\",\"email\":\"\",\"loginIp\":\"\",\"nickName\":\"test\",\"params\":{},\"phonenumber\":\"\",\"postIds\":[],\"roleIds\":[2],\"roles\":[],\"sex\":\"0\",\"status\":\"0\",\"updateBy\":\"admin\",\"userId\":100,\"userName\":\"测试\"}', '{\"msg\":\"操作成功\",\"code\":200}', 0, NULL, '2023-01-05 22:43:05');
INSERT INTO `sys_oper_log` VALUES (129, '用户管理', 3, 'com.ruoyi.project.system.controller.SysUserController.remove()', 'DELETE', 1, 'admin', NULL, '/system/user/100', '127.0.0.1', '内网IP', '{}', '{\"msg\":\"操作成功\",\"code\":200}', 0, NULL, '2023-01-05 22:44:09');
INSERT INTO `sys_oper_log` VALUES (130, '用户管理', 1, 'com.ruoyi.project.system.controller.SysUserController.add()', 'POST', 1, 'admin', NULL, '/system/user', '127.0.0.1', '内网IP', '{\"admin\":false,\"createBy\":\"admin\",\"nickName\":\"测试\",\"params\":{},\"postIds\":[],\"roleIds\":[],\"status\":\"0\",\"userId\":101,\"userName\":\"test\"}', '{\"msg\":\"操作成功\",\"code\":200}', 0, NULL, '2023-01-05 22:44:59');
INSERT INTO `sys_oper_log` VALUES (131, '用户管理', 2, 'com.ruoyi.project.system.controller.SysUserController.edit()', 'PUT', 1, 'admin', NULL, '/system/user', '127.0.0.1', '内网IP', '{\"admin\":false,\"avatar\":\"\",\"createBy\":\"admin\",\"createTime\":\"2023-01-05 22:44:59\",\"delFlag\":\"0\",\"email\":\"\",\"loginDate\":\"2023-01-05 22:45:07\",\"loginIp\":\"127.0.0.1\",\"nickName\":\"测试\",\"params\":{},\"phonenumber\":\"\",\"postIds\":[],\"roleIds\":[2],\"roles\":[],\"sex\":\"0\",\"status\":\"0\",\"updateBy\":\"admin\",\"userId\":101,\"userName\":\"test\"}', '{\"msg\":\"操作成功\",\"code\":200}', 0, NULL, '2023-01-05 22:45:30');
INSERT INTO `sys_oper_log` VALUES (132, '用户管理', 2, 'com.ruoyi.project.system.controller.SysUserController.edit()', 'PUT', 1, 'admin', NULL, '/system/user', '127.0.0.1', '内网IP', '{\"admin\":false,\"avatar\":\"\",\"createBy\":\"admin\",\"createTime\":\"2023-01-05 22:44:59\",\"delFlag\":\"0\",\"deptId\":102,\"email\":\"\",\"loginDate\":\"2023-01-05 22:46:04\",\"loginIp\":\"127.0.0.1\",\"nickName\":\"测试\",\"params\":{},\"phonenumber\":\"\",\"postIds\":[],\"roleIds\":[2],\"roles\":[{\"admin\":false,\"dataScope\":\"2\",\"deptCheckStrictly\":false,\"flag\":false,\"menuCheckStrictly\":false,\"params\":{},\"roleId\":2,\"roleKey\":\"common\",\"roleName\":\"普通角色\",\"roleSort\":2,\"status\":\"0\"}],\"sex\":\"0\",\"status\":\"0\",\"updateBy\":\"admin\",\"userId\":101,\"userName\":\"test\"}', '{\"msg\":\"操作成功\",\"code\":200}', 0, NULL, '2023-01-05 22:46:52');
INSERT INTO `sys_oper_log` VALUES (133, '角色管理', 2, 'com.ruoyi.project.system.controller.SysRoleController.dataScope()', 'PUT', 1, 'admin', NULL, '/system/role/dataScope', '127.0.0.1', '内网IP', '{\"admin\":false,\"createTime\":\"2023-01-05 20:54:08\",\"dataScope\":\"3\",\"delFlag\":\"0\",\"deptCheckStrictly\":false,\"deptIds\":[],\"flag\":false,\"menuCheckStrictly\":false,\"params\":{},\"remark\":\"普通角色\",\"roleId\":2,\"roleKey\":\"common\",\"roleName\":\"普通角色\",\"roleSort\":2,\"status\":\"0\"}', '{\"msg\":\"操作成功\",\"code\":200}', 0, NULL, '2023-01-05 22:48:59');
INSERT INTO `sys_oper_log` VALUES (134, '用户管理', 2, 'com.ruoyi.project.system.controller.SysUserController.edit()', 'PUT', 1, 'admin', NULL, '/system/user', '127.0.0.1', '内网IP', '{\"admin\":false,\"avatar\":\"\",\"createBy\":\"admin\",\"createTime\":\"2023-01-05 22:44:59\",\"delFlag\":\"0\",\"dept\":{\"ancestors\":\"0,100\",\"children\":[],\"deptId\":102,\"deptName\":\"长沙分公司\",\"leader\":\"若依\",\"orderNum\":2,\"params\":{},\"parentId\":100,\"status\":\"0\"},\"deptId\":105,\"email\":\"\",\"loginDate\":\"2023-01-05 22:47:23\",\"loginIp\":\"127.0.0.1\",\"nickName\":\"测试\",\"params\":{},\"phonenumber\":\"\",\"postIds\":[],\"roleIds\":[2],\"roles\":[{\"admin\":false,\"dataScope\":\"3\",\"deptCheckStrictly\":false,\"flag\":false,\"menuCheckStrictly\":false,\"params\":{},\"roleId\":2,\"roleKey\":\"common\",\"roleName\":\"普通角色\",\"roleSort\":2,\"status\":\"0\"}],\"sex\":\"0\",\"status\":\"0\",\"updateBy\":\"admin\",\"userId\":101,\"userName\":\"test\"}', '{\"msg\":\"操作成功\",\"code\":200}', 0, NULL, '2023-01-05 22:49:41');
INSERT INTO `sys_oper_log` VALUES (135, '菜单管理', 2, 'com.ruoyi.web.controller.system.SysMenuController.edit()', 'PUT', 1, 'admin', NULL, '/system/menu', '127.0.0.1', '内网IP', '{\"children\":[],\"component\":\"/system/student\",\"createTime\":\"2023-01-06 21:14:22\",\"icon\":\"build\",\"isCache\":\"0\",\"isFrame\":\"1\",\"menuId\":2000,\"menuName\":\"学生信息\",\"menuType\":\"c\",\"orderNum\":1,\"params\":{},\"parentId\":3,\"path\":\"#\",\"perms\":\"system:student:view\",\"status\":\"0\",\"updateBy\":\"admin\",\"visible\":\"0\"}', '{\"msg\":\"操作成功\",\"code\":200}', 0, NULL, '2023-01-06 21:17:05');
INSERT INTO `sys_oper_log` VALUES (136, '菜单管理', 2, 'com.ruoyi.web.controller.system.SysMenuController.edit()', 'PUT', 1, 'admin', NULL, '/system/menu', '127.0.0.1', '内网IP', '{\"children\":[],\"component\":\"/system/student/index\",\"createTime\":\"2023-01-06 21:14:22\",\"icon\":\"build\",\"isCache\":\"0\",\"isFrame\":\"1\",\"menuId\":2000,\"menuName\":\"学生信息\",\"menuType\":\"C\",\"orderNum\":1,\"params\":{},\"parentId\":3,\"path\":\"#\",\"perms\":\"system:student:view\",\"status\":\"0\",\"updateBy\":\"admin\",\"visible\":\"0\"}', '{\"msg\":\"操作成功\",\"code\":200}', 0, NULL, '2023-01-06 21:17:27');
INSERT INTO `sys_oper_log` VALUES (137, '菜单管理', 2, 'com.ruoyi.web.controller.system.SysMenuController.edit()', 'PUT', 1, 'admin', NULL, '/system/menu', '127.0.0.1', '内网IP', '{\"children\":[],\"component\":\"#\",\"createTime\":\"2023-01-06 21:14:22\",\"icon\":\"#\",\"isCache\":\"0\",\"isFrame\":\"1\",\"menuId\":2001,\"menuName\":\"学生信息查询\",\"menuType\":\"F\",\"orderNum\":1,\"params\":{},\"parentId\":2000,\"path\":\"#\",\"perms\":\"system:student:list\",\"status\":\"0\",\"updateBy\":\"admin\",\"visible\":\"0\"}', '{\"msg\":\"操作成功\",\"code\":200}', 0, NULL, '2023-01-06 21:18:43');
INSERT INTO `sys_oper_log` VALUES (138, '菜单管理', 2, 'com.ruoyi.web.controller.system.SysMenuController.edit()', 'PUT', 1, 'admin', NULL, '/system/menu', '127.0.0.1', '内网IP', '{\"children\":[],\"component\":\"#\",\"createTime\":\"2023-01-06 21:14:22\",\"icon\":\"#\",\"isCache\":\"0\",\"isFrame\":\"1\",\"menuId\":2002,\"menuName\":\"学生信息新增\",\"menuType\":\"F\",\"orderNum\":2,\"params\":{},\"parentId\":2000,\"path\":\"#\",\"perms\":\"system:student:add\",\"status\":\"0\",\"updateBy\":\"admin\",\"visible\":\"0\"}', '{\"msg\":\"操作成功\",\"code\":200}', 0, NULL, '2023-01-06 21:18:48');
INSERT INTO `sys_oper_log` VALUES (139, '菜单管理', 2, 'com.ruoyi.web.controller.system.SysMenuController.edit()', 'PUT', 1, 'admin', NULL, '/system/menu', '127.0.0.1', '内网IP', '{\"children\":[],\"component\":\"#\",\"createTime\":\"2023-01-06 21:14:22\",\"icon\":\"#\",\"isCache\":\"0\",\"isFrame\":\"1\",\"menuId\":2003,\"menuName\":\"学生信息修改\",\"menuType\":\"F\",\"orderNum\":3,\"params\":{},\"parentId\":2000,\"path\":\"#\",\"perms\":\"system:student:edit\",\"status\":\"0\",\"updateBy\":\"admin\",\"visible\":\"0\"}', '{\"msg\":\"操作成功\",\"code\":200}', 0, NULL, '2023-01-06 21:18:51');
INSERT INTO `sys_oper_log` VALUES (140, '菜单管理', 2, 'com.ruoyi.web.controller.system.SysMenuController.edit()', 'PUT', 1, 'admin', NULL, '/system/menu', '127.0.0.1', '内网IP', '{\"children\":[],\"component\":\"#\",\"createTime\":\"2023-01-06 21:14:22\",\"icon\":\"#\",\"isCache\":\"0\",\"isFrame\":\"1\",\"menuId\":2004,\"menuName\":\"学生信息删除\",\"menuType\":\"F\",\"orderNum\":4,\"params\":{},\"parentId\":2000,\"path\":\"#\",\"perms\":\"system:student:remove\",\"status\":\"0\",\"updateBy\":\"admin\",\"visible\":\"0\"}', '{\"msg\":\"操作成功\",\"code\":200}', 0, NULL, '2023-01-06 21:18:54');
INSERT INTO `sys_oper_log` VALUES (141, '菜单管理', 2, 'com.ruoyi.web.controller.system.SysMenuController.edit()', 'PUT', 1, 'admin', NULL, '/system/menu', '127.0.0.1', '内网IP', '{\"children\":[],\"component\":\"#\",\"createTime\":\"2023-01-06 21:14:22\",\"icon\":\"#\",\"isCache\":\"0\",\"isFrame\":\"1\",\"menuId\":2005,\"menuName\":\"学生信息导出\",\"menuType\":\"F\",\"orderNum\":5,\"params\":{},\"parentId\":2000,\"path\":\"#\",\"perms\":\"system:student:export\",\"status\":\"0\",\"updateBy\":\"admin\",\"visible\":\"0\"}', '{\"msg\":\"操作成功\",\"code\":200}', 0, NULL, '2023-01-06 21:18:58');
INSERT INTO `sys_oper_log` VALUES (142, '菜单管理', 2, 'com.ruoyi.web.controller.system.SysMenuController.edit()', 'PUT', 1, 'admin', NULL, '/system/menu', '127.0.0.1', '内网IP', '{\"children\":[],\"component\":\"system/student/index\",\"createTime\":\"2023-01-06 21:14:22\",\"icon\":\"build\",\"isCache\":\"0\",\"isFrame\":\"1\",\"menuId\":2000,\"menuName\":\"学生信息\",\"menuType\":\"C\",\"orderNum\":1,\"params\":{},\"parentId\":3,\"path\":\"#\",\"perms\":\"system:student:view\",\"status\":\"0\",\"updateBy\":\"admin\",\"visible\":\"0\"}', '{\"msg\":\"操作成功\",\"code\":200}', 0, NULL, '2023-01-06 21:19:57');
INSERT INTO `sys_oper_log` VALUES (143, '菜单管理', 2, 'com.ruoyi.web.controller.system.SysMenuController.edit()', 'PUT', 1, 'admin', NULL, '/system/menu', '127.0.0.1', '内网IP', '{\"children\":[],\"component\":\"system/student/index\",\"createTime\":\"2023-01-06 21:14:22\",\"icon\":\"build\",\"isCache\":\"0\",\"isFrame\":\"1\",\"menuId\":2000,\"menuName\":\"学生信息\",\"menuType\":\"C\",\"orderNum\":1,\"params\":{},\"parentId\":3,\"path\":\"student\",\"perms\":\"system:student:view\",\"status\":\"0\",\"updateBy\":\"admin\",\"visible\":\"0\"}', '{\"msg\":\"操作成功\",\"code\":200}', 0, NULL, '2023-01-06 21:21:35');
INSERT INTO `sys_oper_log` VALUES (144, '菜单管理', 2, 'com.ruoyi.web.controller.system.SysMenuController.edit()', 'PUT', 1, 'admin', NULL, '/system/menu', '127.0.0.1', '内网IP', '{\"children\":[],\"component\":\"system/student/index\",\"createTime\":\"2023-01-06 21:14:22\",\"icon\":\"build\",\"isCache\":\"0\",\"isFrame\":\"1\",\"menuId\":2000,\"menuName\":\"学生信息\",\"menuType\":\"C\",\"orderNum\":1,\"params\":{},\"parentId\":1,\"path\":\"student\",\"perms\":\"system:student:view\",\"status\":\"0\",\"updateBy\":\"admin\",\"visible\":\"0\"}', '{\"msg\":\"操作成功\",\"code\":200}', 0, NULL, '2023-01-06 21:22:56');
INSERT INTO `sys_oper_log` VALUES (145, '学生信息', 1, 'com.ruoyi.web.controller.test.SysStudentController.add()', 'POST', 1, 'admin', NULL, '/system/student', '127.0.0.1', '内网IP', '{\"studentAge\":1,\"studentBirthday\":\"2023-01-06 00:00:00\",\"studentHobby\":\"1\",\"studentId\":1,\"studentName\":\"1\",\"studentStatus\":\"0\"}', '{\"msg\":\"操作成功\",\"code\":200}', 0, NULL, '2023-01-06 21:51:13');
INSERT INTO `sys_oper_log` VALUES (146, '学生信息', 1, 'com.ruoyi.web.controller.test.SysStudentController.add()', 'POST', 1, 'admin', NULL, '/system/student', '127.0.0.1', '内网IP', '{\"studentAge\":1,\"studentBirthday\":\"2023-01-06 00:00:00\",\"studentHobby\":\"1\",\"studentId\":2,\"studentName\":\"1\",\"studentStatus\":\"0\"}', '{\"msg\":\"操作成功\",\"code\":200}', 0, NULL, '2023-01-06 21:51:26');
INSERT INTO `sys_oper_log` VALUES (147, '学生信息', 2, 'com.ruoyi.web.controller.test.SysStudentController.edit()', 'PUT', 1, 'admin', NULL, '/system/student', '127.0.0.1', '内网IP', '{\"studentAge\":1,\"studentBirthday\":\"2023-01-06 00:00:00\",\"studentHobby\":\"12\",\"studentId\":1,\"studentName\":\"1\",\"studentSex\":\"0\",\"studentStatus\":\"0\"}', '{\"msg\":\"操作成功\",\"code\":200}', 0, NULL, '2023-01-06 21:51:38');
INSERT INTO `sys_oper_log` VALUES (148, '学生信息', 3, 'com.ruoyi.web.controller.test.SysStudentController.remove()', 'DELETE', 1, 'admin', NULL, '/system/student/2', '127.0.0.1', '内网IP', '{}', '{\"msg\":\"操作成功\",\"code\":200}', 0, NULL, '2023-01-06 21:51:43');
INSERT INTO `sys_oper_log` VALUES (149, '学生信息', 3, 'com.ruoyi.web.controller.test.SysStudentController.remove()', 'DELETE', 1, 'admin', NULL, '/system/student/1', '127.0.0.1', '内网IP', '{}', '{\"msg\":\"操作成功\",\"code\":200}', 0, NULL, '2023-01-06 21:51:49');
INSERT INTO `sys_oper_log` VALUES (150, '学生信息', 1, 'com.ruoyi.web.controller.test.SysStudentController.add()', 'POST', 1, 'admin', NULL, '/system/student', '127.0.0.1', '内网IP', '{\"studentAge\":1,\"studentHobby\":\"1\",\"studentId\":3,\"studentName\":\"1\",\"studentStatus\":\"0\"}', '{\"msg\":\"操作成功\",\"code\":200}', 0, NULL, '2023-01-06 21:52:10');
INSERT INTO `sys_oper_log` VALUES (151, '学生信息', 2, 'com.ruoyi.web.controller.test.SysStudentController.edit()', 'PUT', 1, 'admin', NULL, '/system/student', '127.0.0.1', '内网IP', '{\"studentAge\":1,\"studentHobby\":\"122\",\"studentId\":3,\"studentName\":\"1\",\"studentSex\":\"0\",\"studentStatus\":\"0\"}', '{\"msg\":\"操作成功\",\"code\":200}', 0, NULL, '2023-01-06 21:52:14');
INSERT INTO `sys_oper_log` VALUES (152, '学生信息', 3, 'com.ruoyi.web.controller.test.SysStudentController.remove()', 'DELETE', 1, 'admin', NULL, '/system/student/3', '127.0.0.1', '内网IP', '{}', '{\"msg\":\"操作成功\",\"code\":200}', 0, NULL, '2023-01-06 21:56:20');
INSERT INTO `sys_oper_log` VALUES (153, '学生信息', 1, 'com.ruoyi.web.controller.test.SysStudentController.add()', 'POST', 1, 'admin', NULL, '/system/student', '127.0.0.1', '内网IP', '{\"studentAge\":1,\"studentHobby\":\"1\",\"studentId\":4,\"studentName\":\"1\",\"studentStatus\":\"0\"}', '{\"msg\":\"操作成功\",\"code\":200}', 0, NULL, '2023-01-06 21:56:26');
INSERT INTO `sys_oper_log` VALUES (154, '学生信息', 3, 'com.ruoyi.web.controller.test.SysStudentController.remove()', 'DELETE', 1, 'admin', NULL, '/system/student/4', '127.0.0.1', '内网IP', '{}', '{\"msg\":\"操作成功\",\"code\":200}', 0, NULL, '2023-01-06 21:56:30');
INSERT INTO `sys_oper_log` VALUES (155, '学生信息', 1, 'com.ruoyi.web.controller.test.SysStudentController.add()', 'POST', 1, 'admin', NULL, '/system/student', '127.0.0.1', '内网IP', '{\"studentAge\":1,\"studentHobby\":\"1\",\"studentId\":5,\"studentName\":\"1\",\"studentStatus\":\"0\"}', '{\"msg\":\"操作成功\",\"code\":200}', 0, NULL, '2023-01-06 21:56:37');
INSERT INTO `sys_oper_log` VALUES (156, '学生信息', 1, 'com.ruoyi.web.controller.test.SysStudentController.add()', 'POST', 1, 'admin', NULL, '/system/student', '127.0.0.1', '内网IP', '{\"studentAge\":1,\"studentHobby\":\"1\",\"studentId\":6,\"studentName\":\"1\",\"studentStatus\":\"0\"}', '{\"msg\":\"操作成功\",\"code\":200}', 0, NULL, '2023-01-06 21:56:41');
INSERT INTO `sys_oper_log` VALUES (157, '学生信息', 3, 'com.ruoyi.web.controller.test.SysStudentController.remove()', 'DELETE', 1, 'admin', NULL, '/system/student/5,6', '127.0.0.1', '内网IP', '{}', '{\"msg\":\"操作成功\",\"code\":200}', 0, NULL, '2023-01-06 21:56:48');
INSERT INTO `sys_oper_log` VALUES (158, '代码生成', 3, 'com.ruoyi.generator.controller.GenController.remove()', 'DELETE', 1, 'admin', NULL, '/tool/gen/1', '127.0.0.1', '内网IP', '{}', '{\"msg\":\"操作成功\",\"code\":200}', 0, NULL, '2023-01-06 22:00:16');
INSERT INTO `sys_oper_log` VALUES (159, '代码生成', 6, 'com.ruoyi.generator.controller.GenController.importTableSave()', 'POST', 1, 'admin', NULL, '/tool/gen/importTable', '127.0.0.1', '内网IP', '\"sys_student\"', '{\"msg\":\"操作成功\",\"code\":200}', 0, NULL, '2023-01-06 22:00:23');
INSERT INTO `sys_oper_log` VALUES (160, '代码生成', 2, 'com.ruoyi.generator.controller.GenController.editSave()', 'PUT', 1, 'admin', NULL, '/tool/gen', '127.0.0.1', '内网IP', '{\"businessName\":\"student\",\"className\":\"SysStudent\",\"columns\":[{\"capJavaField\":\"StudentId\",\"columnComment\":\"编号\",\"columnId\":11,\"columnName\":\"student_id\",\"columnType\":\"int(11)\",\"createBy\":\"admin\",\"createTime\":\"2023-01-06 22:00:23\",\"dictType\":\"\",\"edit\":false,\"htmlType\":\"input\",\"increment\":true,\"insert\":false,\"isIncrement\":\"1\",\"isInsert\":\"0\",\"isPk\":\"1\",\"javaField\":\"studentId\",\"javaType\":\"Long\",\"list\":false,\"params\":{},\"pk\":true,\"query\":false,\"queryType\":\"EQ\",\"required\":false,\"sort\":1,\"superColumn\":false,\"tableId\":2,\"updateBy\":\"\",\"usableColumn\":false},{\"capJavaField\":\"StudentName\",\"columnComment\":\"学生名称\",\"columnId\":12,\"columnName\":\"student_name\",\"columnType\":\"varchar(30)\",\"createBy\":\"admin\",\"createTime\":\"2023-01-06 22:00:23\",\"dictType\":\"\",\"edit\":true,\"htmlType\":\"input\",\"increment\":false,\"insert\":true,\"isEdit\":\"1\",\"isIncrement\":\"0\",\"isInsert\":\"1\",\"isList\":\"1\",\"isPk\":\"0\",\"isQuery\":\"1\",\"javaField\":\"studentName\",\"javaType\":\"String\",\"list\":true,\"params\":{},\"pk\":false,\"query\":true,\"queryType\":\"LIKE\",\"required\":false,\"sort\":2,\"superColumn\":false,\"tableId\":2,\"updateBy\":\"\",\"usableColumn\":false},{\"capJavaField\":\"StudentAge\",\"columnComment\":\"年龄\",\"columnId\":13,\"columnName\":\"student_age\",\"columnType\":\"int(3)\",\"createBy\":\"admin\",\"createTime\":\"2023-01-06 22:00:23\",\"dictType\":\"\",\"edit\":true,\"htmlType\":\"input\",\"increment\":false,\"insert\":true,\"isEdit\":\"1\",\"isIncrement\":\"0\",\"isInsert\":\"1\",\"isList\":\"1\",\"isPk\":\"0\",\"isQuery\":\"1\",\"javaField\":\"studentAge\",\"javaType\":\"Integer\",\"list\":true,\"params\":{},\"pk\":false,\"query\":true,\"queryType\":\"EQ\",\"required\":false,\"sort\":3,\"superColumn\":false,\"tableId\":2,\"updateBy\":\"\",\"usableColumn\":false},{\"capJavaField\":\"StudentHobby\",\"columnComment\":\"爱好（0代码 1音乐 2电影）\",\"columnId\":14,\"columnName\":\"student_hobby\",\"columnType\":\"varchar(30)\",\"createBy\":\"admin\",\"createTime\":\"2023-01-06 22:00:23\",\"dictType\":\"\",\"edit\":true,\"htmlType\":\"input\",\"increment\":false,\"insert\":true,\"isEdit\":\"1\",\"isIncrement\":\"0\",\"isInsert\":\"1\",\"isList\":\"1\",\"isPk\":\"0\",\"isQuery\":\"1\",\"javaField\":\"studentH', '{\"msg\":\"操作成功\",\"code\":200}', 0, NULL, '2023-01-06 22:05:04');
INSERT INTO `sys_oper_log` VALUES (161, '代码生成', 2, 'com.ruoyi.generator.controller.GenController.editSave()', 'PUT', 1, 'admin', NULL, '/tool/gen', '127.0.0.1', '内网IP', '{\"businessName\":\"student\",\"className\":\"SysStudent\",\"columns\":[{\"capJavaField\":\"StudentId\",\"columnComment\":\"编号\",\"columnId\":11,\"columnName\":\"student_id\",\"columnType\":\"int(11)\",\"createBy\":\"admin\",\"createTime\":\"2023-01-06 22:00:23\",\"dictType\":\"\",\"edit\":false,\"htmlType\":\"input\",\"increment\":true,\"insert\":false,\"isIncrement\":\"1\",\"isInsert\":\"0\",\"isPk\":\"1\",\"javaField\":\"studentId\",\"javaType\":\"Long\",\"list\":false,\"params\":{},\"pk\":true,\"query\":false,\"queryType\":\"EQ\",\"required\":false,\"sort\":1,\"superColumn\":false,\"tableId\":2,\"updateBy\":\"\",\"updateTime\":\"2023-01-06 22:05:04\",\"usableColumn\":false},{\"capJavaField\":\"StudentName\",\"columnComment\":\"学生名称\",\"columnId\":12,\"columnName\":\"student_name\",\"columnType\":\"varchar(30)\",\"createBy\":\"admin\",\"createTime\":\"2023-01-06 22:00:23\",\"dictType\":\"\",\"edit\":true,\"htmlType\":\"input\",\"increment\":false,\"insert\":true,\"isEdit\":\"1\",\"isIncrement\":\"0\",\"isInsert\":\"1\",\"isList\":\"1\",\"isPk\":\"0\",\"isQuery\":\"1\",\"isRequired\":\"1\",\"javaField\":\"studentName\",\"javaType\":\"String\",\"list\":true,\"params\":{},\"pk\":false,\"query\":true,\"queryType\":\"LIKE\",\"required\":true,\"sort\":2,\"superColumn\":false,\"tableId\":2,\"updateBy\":\"\",\"updateTime\":\"2023-01-06 22:05:04\",\"usableColumn\":false},{\"capJavaField\":\"StudentAge\",\"columnComment\":\"年龄\",\"columnId\":13,\"columnName\":\"student_age\",\"columnType\":\"int(3)\",\"createBy\":\"admin\",\"createTime\":\"2023-01-06 22:00:23\",\"dictType\":\"\",\"edit\":true,\"htmlType\":\"input\",\"increment\":false,\"insert\":true,\"isEdit\":\"1\",\"isIncrement\":\"0\",\"isInsert\":\"1\",\"isList\":\"1\",\"isPk\":\"0\",\"isQuery\":\"0\",\"isRequired\":\"0\",\"javaField\":\"studentAge\",\"javaType\":\"Integer\",\"list\":true,\"params\":{},\"pk\":false,\"query\":false,\"queryType\":\"EQ\",\"required\":false,\"sort\":3,\"superColumn\":false,\"tableId\":2,\"updateBy\":\"\",\"updateTime\":\"2023-01-06 22:05:04\",\"usableColumn\":false},{\"capJavaField\":\"StudentHobby\",\"columnComment\":\"爱好（0代码 1音乐 2电影）\",\"columnId\":14,\"columnName\":\"student_hobby\",\"columnType\":\"varchar(30)\",\"createBy\":\"admin\",\"createTime\":\"2023-01-06 22:00:23\",\"dictType\":\"\",\"edit\":true,\"htmlType\":\"input', '{\"msg\":\"操作成功\",\"code\":200}', 0, NULL, '2023-01-06 22:07:58');
INSERT INTO `sys_oper_log` VALUES (162, '学生信息', 1, 'com.ruoyi.web.controller.test.SysStudentController.add()', 'POST', 1, 'admin', NULL, '/system/student', '127.0.0.1', '内网IP', '{\"studentAge\":1,\"studentHobby\":\"1\",\"studentId\":7,\"studentName\":\"1\",\"studentStatus\":\"0\"}', '{\"msg\":\"操作成功\",\"code\":200}', 0, NULL, '2023-01-06 22:11:21');
INSERT INTO `sys_oper_log` VALUES (163, '学生信息', 2, 'com.ruoyi.web.controller.test.SysStudentController.edit()', 'PUT', 1, 'admin', NULL, '/system/student', '127.0.0.1', '内网IP', '{\"studentAge\":1,\"studentHobby\":\"122\",\"studentId\":7,\"studentName\":\"1\",\"studentSex\":\"0\",\"studentStatus\":\"0\"}', '{\"msg\":\"操作成功\",\"code\":200}', 0, NULL, '2023-01-06 22:11:27');
INSERT INTO `sys_oper_log` VALUES (164, '学生信息', 2, 'com.ruoyi.web.controller.test.SysStudentController.edit()', 'PUT', 1, 'admin', NULL, '/system/student', '127.0.0.1', '内网IP', '{\"studentAge\":1,\"studentBirthday\":\"2023-01-06 00:00:00\",\"studentHobby\":\"122\",\"studentId\":7,\"studentName\":\"1\",\"studentSex\":\"0\",\"studentStatus\":\"0\"}', '{\"msg\":\"操作成功\",\"code\":200}', 0, NULL, '2023-01-06 22:12:18');
INSERT INTO `sys_oper_log` VALUES (165, '学生信息', 5, 'com.ruoyi.web.controller.test.SysStudentController.export()', 'POST', 1, 'admin', NULL, '/system/student/export', '127.0.0.1', '内网IP', '{}', NULL, 0, NULL, '2023-01-06 22:14:06');
INSERT INTO `sys_oper_log` VALUES (166, '代码生成', 2, 'com.ruoyi.generator.controller.GenController.editSave()', 'PUT', 1, 'admin', NULL, '/tool/gen', '127.0.0.1', '内网IP', '{\"businessName\":\"student\",\"className\":\"SysStudent\",\"columns\":[{\"capJavaField\":\"StudentId\",\"columnComment\":\"编号\",\"columnId\":11,\"columnName\":\"student_id\",\"columnType\":\"int(11)\",\"createBy\":\"admin\",\"createTime\":\"2023-01-06 22:00:23\",\"dictType\":\"\",\"edit\":false,\"htmlType\":\"input\",\"increment\":true,\"insert\":false,\"isIncrement\":\"1\",\"isInsert\":\"0\",\"isPk\":\"1\",\"javaField\":\"studentId\",\"javaType\":\"Long\",\"list\":false,\"params\":{},\"pk\":true,\"query\":false,\"queryType\":\"EQ\",\"required\":false,\"sort\":1,\"superColumn\":false,\"tableId\":2,\"updateBy\":\"\",\"updateTime\":\"2023-01-06 22:07:58\",\"usableColumn\":false},{\"capJavaField\":\"StudentName\",\"columnComment\":\"学生名称\",\"columnId\":12,\"columnName\":\"student_name\",\"columnType\":\"varchar(30)\",\"createBy\":\"admin\",\"createTime\":\"2023-01-06 22:00:23\",\"dictType\":\"\",\"edit\":true,\"htmlType\":\"input\",\"increment\":false,\"insert\":true,\"isEdit\":\"1\",\"isIncrement\":\"0\",\"isInsert\":\"1\",\"isList\":\"1\",\"isPk\":\"0\",\"isQuery\":\"1\",\"isRequired\":\"1\",\"javaField\":\"studentName\",\"javaType\":\"String\",\"list\":true,\"params\":{},\"pk\":false,\"query\":true,\"queryType\":\"LIKE\",\"required\":true,\"sort\":2,\"superColumn\":false,\"tableId\":2,\"updateBy\":\"\",\"updateTime\":\"2023-01-06 22:07:58\",\"usableColumn\":false},{\"capJavaField\":\"StudentAge\",\"columnComment\":\"年龄\",\"columnId\":13,\"columnName\":\"student_age\",\"columnType\":\"int(3)\",\"createBy\":\"admin\",\"createTime\":\"2023-01-06 22:00:23\",\"dictType\":\"\",\"edit\":true,\"htmlType\":\"input\",\"increment\":false,\"insert\":true,\"isEdit\":\"1\",\"isIncrement\":\"0\",\"isInsert\":\"1\",\"isList\":\"1\",\"isPk\":\"0\",\"isQuery\":\"0\",\"isRequired\":\"0\",\"javaField\":\"studentAge\",\"javaType\":\"Integer\",\"list\":true,\"params\":{},\"pk\":false,\"query\":false,\"queryType\":\"EQ\",\"required\":false,\"sort\":3,\"superColumn\":false,\"tableId\":2,\"updateBy\":\"\",\"updateTime\":\"2023-01-06 22:07:58\",\"usableColumn\":false},{\"capJavaField\":\"StudentHobby\",\"columnComment\":\"爱好（0代码 1音乐 2电影）\",\"columnId\":14,\"columnName\":\"student_hobby\",\"columnType\":\"varchar(30)\",\"createBy\":\"admin\",\"createTime\":\"2023-01-06 22:00:23\",\"dictType\":\"\",\"edit\":true,\"htmlType\":\"input', '{\"msg\":\"操作成功\",\"code\":200}', 0, NULL, '2023-01-06 22:15:57');
INSERT INTO `sys_oper_log` VALUES (167, '代码生成', 2, 'com.ruoyi.generator.controller.GenController.editSave()', 'PUT', 1, 'admin', NULL, '/tool/gen', '127.0.0.1', '内网IP', '{\"businessName\":\"student\",\"className\":\"SysStudent\",\"columns\":[{\"capJavaField\":\"StudentId\",\"columnComment\":\"编号\",\"columnId\":11,\"columnName\":\"student_id\",\"columnType\":\"int(11)\",\"createBy\":\"admin\",\"createTime\":\"2023-01-06 22:00:23\",\"dictType\":\"\",\"edit\":false,\"htmlType\":\"input\",\"increment\":true,\"insert\":false,\"isIncrement\":\"1\",\"isInsert\":\"0\",\"isPk\":\"1\",\"javaField\":\"studentId\",\"javaType\":\"Long\",\"list\":false,\"params\":{},\"pk\":true,\"query\":false,\"queryType\":\"EQ\",\"required\":false,\"sort\":1,\"superColumn\":false,\"tableId\":2,\"updateBy\":\"\",\"updateTime\":\"2023-01-06 22:15:57\",\"usableColumn\":false},{\"capJavaField\":\"StudentName\",\"columnComment\":\"学生名称\",\"columnId\":12,\"columnName\":\"student_name\",\"columnType\":\"varchar(30)\",\"createBy\":\"admin\",\"createTime\":\"2023-01-06 22:00:23\",\"dictType\":\"\",\"edit\":true,\"htmlType\":\"input\",\"increment\":false,\"insert\":true,\"isEdit\":\"1\",\"isIncrement\":\"0\",\"isInsert\":\"1\",\"isList\":\"1\",\"isPk\":\"0\",\"isQuery\":\"1\",\"isRequired\":\"1\",\"javaField\":\"studentName\",\"javaType\":\"String\",\"list\":true,\"params\":{},\"pk\":false,\"query\":true,\"queryType\":\"LIKE\",\"required\":true,\"sort\":2,\"superColumn\":false,\"tableId\":2,\"updateBy\":\"\",\"updateTime\":\"2023-01-06 22:15:57\",\"usableColumn\":false},{\"capJavaField\":\"StudentAge\",\"columnComment\":\"年龄\",\"columnId\":13,\"columnName\":\"student_age\",\"columnType\":\"int(3)\",\"createBy\":\"admin\",\"createTime\":\"2023-01-06 22:00:23\",\"dictType\":\"\",\"edit\":true,\"htmlType\":\"input\",\"increment\":false,\"insert\":true,\"isEdit\":\"1\",\"isIncrement\":\"0\",\"isInsert\":\"1\",\"isList\":\"1\",\"isPk\":\"0\",\"isQuery\":\"0\",\"isRequired\":\"0\",\"javaField\":\"studentAge\",\"javaType\":\"Integer\",\"list\":true,\"params\":{},\"pk\":false,\"query\":false,\"queryType\":\"EQ\",\"required\":false,\"sort\":3,\"superColumn\":false,\"tableId\":2,\"updateBy\":\"\",\"updateTime\":\"2023-01-06 22:15:57\",\"usableColumn\":false},{\"capJavaField\":\"StudentHobby\",\"columnComment\":\"爱好（0代码 1音乐 2电影）\",\"columnId\":14,\"columnName\":\"student_hobby\",\"columnType\":\"varchar(30)\",\"createBy\":\"admin\",\"createTime\":\"2023-01-06 22:00:23\",\"dictType\":\"\",\"edit\":true,\"htmlType\":\"input', '{\"msg\":\"操作成功\",\"code\":200}', 0, NULL, '2023-01-06 22:20:17');
INSERT INTO `sys_oper_log` VALUES (168, '学生信息', 2, 'com.ruoyi.web.controller.test.SysStudentController.edit()', 'PUT', 1, 'admin', NULL, '/system/student', '127.0.0.1', '内网IP', '{\"studentAge\":1,\"studentBirthday\":\"2023-01-06 00:00:00\",\"studentHobby\":\"122\",\"studentId\":7,\"studentName\":\"1\",\"studentSex\":\"0\",\"studentStatus\":\"1\"}', '{\"msg\":\"操作成功\",\"code\":200}', 0, NULL, '2023-01-06 22:20:53');
INSERT INTO `sys_oper_log` VALUES (169, '学生信息', 2, 'com.ruoyi.web.controller.test.SysStudentController.edit()', 'PUT', 1, 'admin', NULL, '/system/student', '127.0.0.1', '内网IP', '{\"studentAge\":1,\"studentBirthday\":\"2023-01-06 00:00:00\",\"studentHobby\":\"122\",\"studentId\":7,\"studentName\":\"1\",\"studentSex\":\"0\",\"studentStatus\":\"0\"}', '{\"msg\":\"操作成功\",\"code\":200}', 0, NULL, '2023-01-06 22:20:59');
INSERT INTO `sys_oper_log` VALUES (170, '代码生成', 2, 'com.ruoyi.generator.controller.GenController.synchDb()', 'GET', 1, 'admin', NULL, '/tool/gen/synchDb/sys_student', '127.0.0.1', '内网IP', '{}', '{\"msg\":\"操作成功\",\"code\":200}', 0, NULL, '2023-01-06 23:05:13');
INSERT INTO `sys_oper_log` VALUES (171, '代码生成', 3, 'com.ruoyi.generator.controller.GenController.remove()', 'DELETE', 1, 'admin', NULL, '/tool/gen/2', '127.0.0.1', '内网IP', '{}', '{\"msg\":\"操作成功\",\"code\":200}', 0, NULL, '2023-01-06 23:05:45');
INSERT INTO `sys_oper_log` VALUES (172, '代码生成', 6, 'com.ruoyi.generator.controller.GenController.importTableSave()', 'POST', 1, 'admin', NULL, '/tool/gen/importTable', '127.0.0.1', '内网IP', '\"sys_student\"', '{\"msg\":\"操作成功\",\"code\":200}', 0, NULL, '2023-01-06 23:05:50');
INSERT INTO `sys_oper_log` VALUES (173, '代码生成', 3, 'com.ruoyi.generator.controller.GenController.remove()', 'DELETE', 1, 'admin', NULL, '/tool/gen/3', '127.0.0.1', '内网IP', '{}', '{\"msg\":\"操作成功\",\"code\":200}', 0, NULL, '2023-01-06 23:21:56');
INSERT INTO `sys_oper_log` VALUES (174, '代码生成', 6, 'com.ruoyi.generator.controller.GenController.importTableSave()', 'POST', 1, 'admin', NULL, '/tool/gen/importTable', '127.0.0.1', '内网IP', '\"sys_student\"', '{\"msg\":\"操作成功\",\"code\":200}', 0, NULL, '2023-01-06 23:22:34');
INSERT INTO `sys_oper_log` VALUES (175, '代码生成', 2, 'com.ruoyi.generator.controller.GenController.synchDb()', 'GET', 1, 'admin', NULL, '/tool/gen/synchDb/sys_student', '127.0.0.1', '内网IP', '{}', '{\"msg\":\"操作成功\",\"code\":200}', 0, NULL, '2023-01-06 23:23:59');
INSERT INTO `sys_oper_log` VALUES (176, '代码生成', 3, 'com.ruoyi.generator.controller.GenController.remove()', 'DELETE', 1, 'admin', NULL, '/tool/gen/4', '127.0.0.1', '内网IP', '{}', '{\"msg\":\"操作成功\",\"code\":200}', 0, NULL, '2023-01-06 23:24:05');
INSERT INTO `sys_oper_log` VALUES (177, '代码生成', 6, 'com.ruoyi.generator.controller.GenController.importTableSave()', 'POST', 1, 'admin', NULL, '/tool/gen/importTable', '127.0.0.1', '内网IP', '\"sys_student\"', '{\"msg\":\"操作成功\",\"code\":200}', 0, NULL, '2023-01-06 23:24:20');
INSERT INTO `sys_oper_log` VALUES (178, '代码生成', 2, 'com.ruoyi.generator.controller.GenController.editSave()', 'PUT', 1, 'admin', NULL, '/tool/gen', '127.0.0.1', '内网IP', '{\"businessName\":\"student\",\"className\":\"Student\",\"columns\":[{\"capJavaField\":\"StudentId\",\"columnComment\":\"编号\",\"columnId\":32,\"columnName\":\"student_id\",\"columnType\":\"int(11)\",\"createBy\":\"admin\",\"createTime\":\"2023-01-06 23:24:20\",\"dictType\":\"\",\"edit\":false,\"htmlType\":\"input\",\"increment\":true,\"insert\":true,\"isIncrement\":\"1\",\"isInsert\":\"1\",\"isPk\":\"1\",\"javaField\":\"studentId\",\"javaType\":\"Long\",\"list\":false,\"params\":{},\"pk\":true,\"query\":false,\"queryType\":\"EQ\",\"required\":false,\"sort\":1,\"superColumn\":false,\"tableId\":5,\"updateBy\":\"\",\"usableColumn\":false},{\"capJavaField\":\"StudentName\",\"columnComment\":\"学生名称\",\"columnId\":33,\"columnName\":\"student_name\",\"columnType\":\"varchar(30)\",\"createBy\":\"admin\",\"createTime\":\"2023-01-06 23:24:20\",\"dictType\":\"\",\"edit\":true,\"htmlType\":\"input\",\"increment\":false,\"insert\":true,\"isEdit\":\"1\",\"isIncrement\":\"0\",\"isInsert\":\"1\",\"isList\":\"1\",\"isPk\":\"0\",\"isQuery\":\"1\",\"javaField\":\"studentName\",\"javaType\":\"String\",\"list\":true,\"params\":{},\"pk\":false,\"query\":true,\"queryType\":\"LIKE\",\"required\":false,\"sort\":2,\"superColumn\":false,\"tableId\":5,\"updateBy\":\"\",\"usableColumn\":false},{\"capJavaField\":\"StudentAge\",\"columnComment\":\"年龄\",\"columnId\":34,\"columnName\":\"student_age\",\"columnType\":\"int(3)\",\"createBy\":\"admin\",\"createTime\":\"2023-01-06 23:24:20\",\"dictType\":\"\",\"edit\":true,\"htmlType\":\"input\",\"increment\":false,\"insert\":true,\"isEdit\":\"1\",\"isIncrement\":\"0\",\"isInsert\":\"1\",\"isList\":\"1\",\"isPk\":\"0\",\"isQuery\":\"1\",\"javaField\":\"studentAge\",\"javaType\":\"Integer\",\"list\":true,\"params\":{},\"pk\":false,\"query\":true,\"queryType\":\"EQ\",\"required\":false,\"sort\":3,\"superColumn\":false,\"tableId\":5,\"updateBy\":\"\",\"usableColumn\":false},{\"capJavaField\":\"StudentHobby\",\"columnComment\":\"爱好（0代码 1音乐 2电影）\",\"columnId\":35,\"columnName\":\"student_hobby\",\"columnType\":\"varchar(30)\",\"createBy\":\"admin\",\"createTime\":\"2023-01-06 23:24:20\",\"dictType\":\"\",\"edit\":true,\"htmlType\":\"input\",\"increment\":false,\"insert\":true,\"isEdit\":\"1\",\"isIncrement\":\"0\",\"isInsert\":\"1\",\"isList\":\"1\",\"isPk\":\"0\",\"isQuery\":\"1\",\"javaField\":\"studentHobby', '{\"msg\":\"操作成功\",\"code\":200}', 0, NULL, '2023-01-06 23:49:23');
INSERT INTO `sys_oper_log` VALUES (179, '代码生成', 2, 'com.ruoyi.generator.controller.GenController.editSave()', 'PUT', 1, 'admin', NULL, '/tool/gen', '127.0.0.1', '内网IP', '{\"businessName\":\"student\",\"className\":\"Student\",\"columns\":[{\"capJavaField\":\"StudentId\",\"columnComment\":\"编号\",\"columnId\":32,\"columnName\":\"student_id\",\"columnType\":\"int(11)\",\"createBy\":\"admin\",\"createTime\":\"2023-01-06 23:24:20\",\"dictType\":\"\",\"edit\":false,\"htmlType\":\"input\",\"increment\":true,\"insert\":true,\"isIncrement\":\"1\",\"isInsert\":\"1\",\"isPk\":\"1\",\"javaField\":\"studentId\",\"javaType\":\"Long\",\"list\":false,\"params\":{},\"pk\":true,\"query\":false,\"queryType\":\"EQ\",\"required\":false,\"sort\":1,\"superColumn\":false,\"tableId\":5,\"updateBy\":\"\",\"updateTime\":\"2023-01-06 23:49:23\",\"usableColumn\":false},{\"capJavaField\":\"StudentName\",\"columnComment\":\"学生名称\",\"columnId\":33,\"columnName\":\"student_name\",\"columnType\":\"varchar(30)\",\"createBy\":\"admin\",\"createTime\":\"2023-01-06 23:24:20\",\"dictType\":\"\",\"edit\":true,\"htmlType\":\"input\",\"increment\":false,\"insert\":true,\"isEdit\":\"1\",\"isIncrement\":\"0\",\"isInsert\":\"1\",\"isList\":\"1\",\"isPk\":\"0\",\"isQuery\":\"1\",\"javaField\":\"studentName\",\"javaType\":\"String\",\"list\":true,\"params\":{},\"pk\":false,\"query\":true,\"queryType\":\"LIKE\",\"required\":false,\"sort\":2,\"superColumn\":false,\"tableId\":5,\"updateBy\":\"\",\"updateTime\":\"2023-01-06 23:49:23\",\"usableColumn\":false},{\"capJavaField\":\"StudentAge\",\"columnComment\":\"年龄\",\"columnId\":34,\"columnName\":\"student_age\",\"columnType\":\"int(3)\",\"createBy\":\"admin\",\"createTime\":\"2023-01-06 23:24:20\",\"dictType\":\"\",\"edit\":true,\"htmlType\":\"input\",\"increment\":false,\"insert\":true,\"isEdit\":\"1\",\"isIncrement\":\"0\",\"isInsert\":\"1\",\"isList\":\"1\",\"isPk\":\"0\",\"isQuery\":\"1\",\"javaField\":\"studentAge\",\"javaType\":\"Integer\",\"list\":true,\"params\":{},\"pk\":false,\"query\":true,\"queryType\":\"EQ\",\"required\":false,\"sort\":3,\"superColumn\":false,\"tableId\":5,\"updateBy\":\"\",\"updateTime\":\"2023-01-06 23:49:23\",\"usableColumn\":false},{\"capJavaField\":\"StudentHobby\",\"columnComment\":\"爱好（0代码 1音乐 2电影）\",\"columnId\":35,\"columnName\":\"student_hobby\",\"columnType\":\"varchar(30)\",\"createBy\":\"admin\",\"createTime\":\"2023-01-06 23:24:20\",\"dictType\":\"\",\"edit\":true,\"htmlType\":\"input\",\"increment\":false,\"insert\":true,\"isE', '{\"msg\":\"操作成功\",\"code\":200}', 0, NULL, '2023-01-06 23:52:04');
INSERT INTO `sys_oper_log` VALUES (180, '用户管理', 2, 'com.ruoyi.web.controller.system.SysUserController.changeStatus()', 'PUT', 1, 'admin', NULL, '/system/user/changeStatus', '127.0.0.1', '内网IP', '{\"admin\":false,\"params\":{},\"status\":\"1\",\"updateBy\":\"admin\",\"userId\":101}', '{\"msg\":\"操作成功\",\"code\":200}', 0, NULL, '2023-01-07 14:03:41');
INSERT INTO `sys_oper_log` VALUES (181, '学生信息', 5, 'com.ruoyi.web.controller.test.SysStudentController.export()', 'POST', 1, 'admin', NULL, '/system/student/export', '127.0.0.1', '内网IP', '{}', NULL, 0, NULL, '2023-01-08 18:07:55');
INSERT INTO `sys_oper_log` VALUES (182, '学生信息', 5, 'com.ruoyi.web.controller.test.SysStudentController.export()', 'POST', 1, 'admin', NULL, '/system/student/export', '127.0.0.1', '内网IP', '{}', NULL, 0, NULL, '2023-01-08 18:08:06');
INSERT INTO `sys_oper_log` VALUES (183, '学生信息', 5, 'com.ruoyi.web.controller.test.SysStudentController.export()', 'POST', 1, 'admin', NULL, '/system/student/export', '127.0.0.1', '内网IP', '{}', NULL, 0, NULL, '2023-01-08 18:08:40');
INSERT INTO `sys_oper_log` VALUES (184, '学生信息', 5, 'com.ruoyi.web.test.controller.StudentController.export()', 'POST', 1, 'admin', NULL, '/student/export', '127.0.0.1', '内网IP', '{}', NULL, 0, NULL, '2023-01-08 18:09:02');
INSERT INTO `sys_oper_log` VALUES (185, '用户管理', 5, 'com.ruoyi.web.controller.system.SysUserController.export()', 'POST', 1, 'admin', NULL, '/system/user/export', '127.0.0.1', '内网IP', '{\"admin\":false,\"params\":{\"dataScope\":\"\"}}', NULL, 0, NULL, '2023-01-08 18:09:50');
INSERT INTO `sys_oper_log` VALUES (186, '学生信息', 5, 'com.ruoyi.web.test.controller.StudentController.export()', 'POST', 1, 'admin', NULL, '/student/export', '127.0.0.1', '内网IP', '{}', NULL, 0, NULL, '2023-01-08 18:11:09');
INSERT INTO `sys_oper_log` VALUES (187, '学生信息', 5, 'com.ruoyi.web.test.controller.StudentController.export()', 'POST', 1, 'admin', NULL, '/student/export', '127.0.0.1', '内网IP', '{\"studentName\":\"2\"}', NULL, 0, NULL, '2023-01-08 18:19:22');
INSERT INTO `sys_oper_log` VALUES (188, '代码生成', 2, 'com.ruoyi.generator.controller.GenController.editSave()', 'PUT', 1, 'admin', NULL, '/tool/gen', '127.0.0.1', '内网IP', '{\"businessName\":\"student\",\"className\":\"Student\",\"columns\":[{\"capJavaField\":\"StudentId\",\"columnComment\":\"编号\",\"columnId\":32,\"columnName\":\"student_id\",\"columnType\":\"int(11)\",\"createBy\":\"admin\",\"createTime\":\"2023-01-06 23:24:20\",\"dictType\":\"\",\"edit\":false,\"htmlType\":\"input\",\"increment\":true,\"insert\":true,\"isIncrement\":\"1\",\"isInsert\":\"1\",\"isPk\":\"1\",\"javaField\":\"studentId\",\"javaType\":\"Long\",\"list\":false,\"params\":{},\"pk\":true,\"query\":false,\"queryType\":\"EQ\",\"required\":false,\"sort\":1,\"superColumn\":false,\"tableId\":5,\"updateBy\":\"\",\"updateTime\":\"2023-01-06 23:52:04\",\"usableColumn\":false},{\"capJavaField\":\"StudentName\",\"columnComment\":\"学生名称\",\"columnId\":33,\"columnName\":\"student_name\",\"columnType\":\"varchar(30)\",\"createBy\":\"admin\",\"createTime\":\"2023-01-06 23:24:20\",\"dictType\":\"\",\"edit\":true,\"htmlType\":\"input\",\"increment\":false,\"insert\":true,\"isEdit\":\"1\",\"isIncrement\":\"0\",\"isInsert\":\"1\",\"isList\":\"1\",\"isPk\":\"0\",\"isQuery\":\"1\",\"javaField\":\"studentName\",\"javaType\":\"String\",\"list\":true,\"params\":{},\"pk\":false,\"query\":true,\"queryType\":\"LIKE\",\"required\":false,\"sort\":2,\"superColumn\":false,\"tableId\":5,\"updateBy\":\"\",\"updateTime\":\"2023-01-06 23:52:04\",\"usableColumn\":false},{\"capJavaField\":\"StudentAge\",\"columnComment\":\"年龄\",\"columnId\":34,\"columnName\":\"student_age\",\"columnType\":\"int(3)\",\"createBy\":\"admin\",\"createTime\":\"2023-01-06 23:24:20\",\"dictType\":\"\",\"edit\":true,\"htmlType\":\"input\",\"increment\":false,\"insert\":true,\"isEdit\":\"1\",\"isIncrement\":\"0\",\"isInsert\":\"1\",\"isList\":\"1\",\"isPk\":\"0\",\"isQuery\":\"1\",\"javaField\":\"studentAge\",\"javaType\":\"Integer\",\"list\":true,\"params\":{},\"pk\":false,\"query\":true,\"queryType\":\"EQ\",\"required\":false,\"sort\":3,\"superColumn\":false,\"tableId\":5,\"updateBy\":\"\",\"updateTime\":\"2023-01-06 23:52:04\",\"usableColumn\":false},{\"capJavaField\":\"StudentHobby\",\"columnComment\":\"爱好（0代码 1音乐 2电影）\",\"columnId\":35,\"columnName\":\"student_hobby\",\"columnType\":\"varchar(30)\",\"createBy\":\"admin\",\"createTime\":\"2023-01-06 23:24:20\",\"dictType\":\"\",\"edit\":true,\"htmlType\":\"input\",\"increment\":false,\"insert\":true,\"isE', '{\"msg\":\"操作成功\",\"code\":200}', 0, NULL, '2023-01-08 18:30:35');
INSERT INTO `sys_oper_log` VALUES (189, '代码生成', 2, 'com.ruoyi.generator.controller.GenController.editSave()', 'PUT', 1, 'admin', NULL, '/tool/gen', '127.0.0.1', '内网IP', '{\"businessName\":\"student\",\"className\":\"Student\",\"columns\":[{\"capJavaField\":\"StudentId\",\"columnComment\":\"编号\",\"columnId\":32,\"columnName\":\"student_id\",\"columnType\":\"int(11)\",\"createBy\":\"admin\",\"createTime\":\"2023-01-06 23:24:20\",\"dictType\":\"\",\"edit\":false,\"htmlType\":\"input\",\"increment\":true,\"insert\":true,\"isIncrement\":\"1\",\"isInsert\":\"1\",\"isPk\":\"1\",\"javaField\":\"studentId\",\"javaType\":\"Long\",\"list\":false,\"params\":{},\"pk\":true,\"query\":false,\"queryType\":\"EQ\",\"required\":false,\"sort\":1,\"superColumn\":false,\"tableId\":5,\"updateBy\":\"\",\"updateTime\":\"2023-01-08 18:30:35\",\"usableColumn\":false},{\"capJavaField\":\"StudentName\",\"columnComment\":\"学生名称\",\"columnId\":33,\"columnName\":\"student_name\",\"columnType\":\"varchar(30)\",\"createBy\":\"admin\",\"createTime\":\"2023-01-06 23:24:20\",\"dictType\":\"\",\"edit\":true,\"htmlType\":\"input\",\"increment\":false,\"insert\":true,\"isEdit\":\"1\",\"isIncrement\":\"0\",\"isInsert\":\"1\",\"isList\":\"1\",\"isPk\":\"0\",\"isQuery\":\"1\",\"javaField\":\"studentName\",\"javaType\":\"String\",\"list\":true,\"params\":{},\"pk\":false,\"query\":true,\"queryType\":\"LIKE\",\"required\":false,\"sort\":2,\"superColumn\":false,\"tableId\":5,\"updateBy\":\"\",\"updateTime\":\"2023-01-08 18:30:35\",\"usableColumn\":false},{\"capJavaField\":\"StudentAge\",\"columnComment\":\"年龄\",\"columnId\":34,\"columnName\":\"student_age\",\"columnType\":\"int(3)\",\"createBy\":\"admin\",\"createTime\":\"2023-01-06 23:24:20\",\"dictType\":\"\",\"edit\":true,\"htmlType\":\"input\",\"increment\":false,\"insert\":true,\"isEdit\":\"1\",\"isIncrement\":\"0\",\"isInsert\":\"1\",\"isList\":\"1\",\"isPk\":\"0\",\"isQuery\":\"1\",\"javaField\":\"studentAge\",\"javaType\":\"Integer\",\"list\":true,\"params\":{},\"pk\":false,\"query\":true,\"queryType\":\"EQ\",\"required\":false,\"sort\":3,\"superColumn\":false,\"tableId\":5,\"updateBy\":\"\",\"updateTime\":\"2023-01-08 18:30:35\",\"usableColumn\":false},{\"capJavaField\":\"StudentHobby\",\"columnComment\":\"爱好（0代码 1音乐 2电影）\",\"columnId\":35,\"columnName\":\"student_hobby\",\"columnType\":\"varchar(30)\",\"createBy\":\"admin\",\"createTime\":\"2023-01-06 23:24:20\",\"dictType\":\"\",\"edit\":true,\"htmlType\":\"input\",\"increment\":false,\"insert\":true,\"isE', '{\"msg\":\"操作成功\",\"code\":200}', 0, NULL, '2023-01-08 18:31:43');
INSERT INTO `sys_oper_log` VALUES (190, '代码生成', 3, 'com.ruoyi.generator.controller.GenController.remove()', 'DELETE', 1, 'admin', NULL, '/tool/gen/5', '127.0.0.1', '内网IP', '{}', '{\"msg\":\"操作成功\",\"code\":200}', 0, NULL, '2023-01-08 20:04:56');
INSERT INTO `sys_oper_log` VALUES (191, '代码生成', 6, 'com.ruoyi.generator.controller.GenController.importTableSave()', 'POST', 1, 'admin', NULL, '/tool/gen/importTable', '127.0.0.1', '内网IP', '\"sys_student\"', '{\"msg\":\"操作成功\",\"code\":200}', 0, NULL, '2023-01-08 20:05:26');
INSERT INTO `sys_oper_log` VALUES (192, '代码生成', 2, 'com.ruoyi.generator.controller.GenController.editSave()', 'PUT', 1, 'admin', NULL, '/tool/gen', '127.0.0.1', '内网IP', '{\"businessName\":\"student\",\"className\":\"Student\",\"columns\":[{\"capJavaField\":\"StudentId\",\"columnComment\":\"编号\",\"columnId\":39,\"columnName\":\"student_id\",\"columnType\":\"int(11)\",\"createBy\":\"admin\",\"createTime\":\"2023-01-08 20:05:26\",\"dictType\":\"\",\"edit\":false,\"htmlType\":\"input\",\"increment\":true,\"insert\":true,\"isIncrement\":\"1\",\"isInsert\":\"1\",\"isPk\":\"1\",\"javaField\":\"studentId\",\"javaType\":\"Long\",\"list\":false,\"params\":{},\"pk\":true,\"query\":false,\"queryType\":\"EQ\",\"required\":false,\"sort\":1,\"superColumn\":false,\"tableId\":6,\"updateBy\":\"\",\"usableColumn\":false},{\"capJavaField\":\"StudentName\",\"columnComment\":\"学生名称\",\"columnId\":40,\"columnName\":\"student_name\",\"columnType\":\"varchar(30)\",\"createBy\":\"admin\",\"createTime\":\"2023-01-08 20:05:26\",\"dictType\":\"\",\"edit\":true,\"htmlType\":\"input\",\"increment\":false,\"insert\":true,\"isEdit\":\"1\",\"isIncrement\":\"0\",\"isInsert\":\"1\",\"isList\":\"1\",\"isPk\":\"0\",\"isQuery\":\"1\",\"javaField\":\"studentName\",\"javaType\":\"String\",\"list\":true,\"params\":{},\"pk\":false,\"query\":true,\"queryType\":\"LIKE\",\"required\":false,\"sort\":2,\"superColumn\":false,\"tableId\":6,\"updateBy\":\"\",\"usableColumn\":false},{\"capJavaField\":\"StudentAge\",\"columnComment\":\"年龄\",\"columnId\":41,\"columnName\":\"student_age\",\"columnType\":\"int(3)\",\"createBy\":\"admin\",\"createTime\":\"2023-01-08 20:05:26\",\"dictType\":\"\",\"edit\":true,\"htmlType\":\"input\",\"increment\":false,\"insert\":true,\"isEdit\":\"1\",\"isIncrement\":\"0\",\"isInsert\":\"1\",\"isList\":\"1\",\"isPk\":\"0\",\"isQuery\":\"1\",\"javaField\":\"studentAge\",\"javaType\":\"Integer\",\"list\":true,\"params\":{},\"pk\":false,\"query\":true,\"queryType\":\"EQ\",\"required\":false,\"sort\":3,\"superColumn\":false,\"tableId\":6,\"updateBy\":\"\",\"usableColumn\":false},{\"capJavaField\":\"StudentHobby\",\"columnComment\":\"爱好（0代码 1音乐 2电影）\",\"columnId\":42,\"columnName\":\"student_hobby\",\"columnType\":\"varchar(30)\",\"createBy\":\"admin\",\"createTime\":\"2023-01-08 20:05:26\",\"dictType\":\"\",\"edit\":true,\"htmlType\":\"input\",\"increment\":false,\"insert\":true,\"isEdit\":\"1\",\"isIncrement\":\"0\",\"isInsert\":\"1\",\"isList\":\"1\",\"isPk\":\"0\",\"isQuery\":\"1\",\"javaField\":\"studentHobby', '{\"msg\":\"操作成功\",\"code\":200}', 0, NULL, '2023-01-08 20:07:20');
INSERT INTO `sys_oper_log` VALUES (193, '代码生成', 6, 'com.ruoyi.generator.controller.GenController.importTableSave()', 'POST', 1, 'admin', NULL, '/tool/gen/importTable', '127.0.0.1', '内网IP', '\"sys_dict_data\"', '{\"msg\":\"操作成功\",\"code\":200}', 0, NULL, '2023-01-08 20:13:07');
INSERT INTO `sys_oper_log` VALUES (194, '代码生成', 2, 'com.ruoyi.generator.controller.GenController.synchDb()', 'GET', 1, 'admin', NULL, '/tool/gen/synchDb/sys_dict_data', '127.0.0.1', '内网IP', '{}', '{\"msg\":\"操作成功\",\"code\":200}', 0, NULL, '2023-01-08 20:27:58');
INSERT INTO `sys_oper_log` VALUES (195, '代码生成', 3, 'com.ruoyi.generator.controller.GenController.remove()', 'DELETE', 1, 'admin', NULL, '/tool/gen/7', '127.0.0.1', '内网IP', '{}', '{\"msg\":\"操作成功\",\"code\":200}', 0, NULL, '2023-01-08 20:28:07');
INSERT INTO `sys_oper_log` VALUES (196, '代码生成', 6, 'com.ruoyi.generator.controller.GenController.importTableSave()', 'POST', 1, 'admin', NULL, '/tool/gen/importTable', '127.0.0.1', '内网IP', '\"sys_dict_data\"', '{\"msg\":\"操作成功\",\"code\":200}', 0, NULL, '2023-01-08 20:28:19');
INSERT INTO `sys_oper_log` VALUES (197, '代码生成', 2, 'com.ruoyi.generator.controller.GenController.editSave()', 'PUT', 1, 'admin', NULL, '/tool/gen', '127.0.0.1', '内网IP', '{\"businessName\":\"dictData\",\"className\":\"DictData\",\"columns\":[{\"capJavaField\":\"DictCode\",\"columnComment\":\"字典编码\",\"columnId\":60,\"columnName\":\"dict_code\",\"columnType\":\"bigint(20)\",\"createBy\":\"admin\",\"createTime\":\"2023-01-08 20:28:19\",\"dictType\":\"\",\"edit\":false,\"htmlType\":\"input\",\"increment\":true,\"insert\":true,\"isIncrement\":\"1\",\"isInsert\":\"1\",\"isPk\":\"1\",\"javaField\":\"dictCode\",\"javaType\":\"Long\",\"list\":false,\"params\":{},\"pk\":true,\"query\":false,\"queryType\":\"EQ\",\"required\":false,\"sort\":1,\"superColumn\":false,\"tableId\":8,\"updateBy\":\"\",\"usableColumn\":false},{\"capJavaField\":\"DictSort\",\"columnComment\":\"字典排序\",\"columnId\":61,\"columnName\":\"dict_sort\",\"columnType\":\"int(4)\",\"createBy\":\"admin\",\"createTime\":\"2023-01-08 20:28:19\",\"dictType\":\"\",\"edit\":true,\"htmlType\":\"input\",\"increment\":false,\"insert\":true,\"isEdit\":\"1\",\"isIncrement\":\"0\",\"isInsert\":\"1\",\"isList\":\"1\",\"isPk\":\"0\",\"isQuery\":\"1\",\"javaField\":\"dictSort\",\"javaType\":\"Integer\",\"list\":true,\"params\":{},\"pk\":false,\"query\":true,\"queryType\":\"EQ\",\"required\":false,\"sort\":2,\"superColumn\":false,\"tableId\":8,\"updateBy\":\"\",\"usableColumn\":false},{\"capJavaField\":\"DictLabel\",\"columnComment\":\"字典标签\",\"columnId\":62,\"columnName\":\"dict_label\",\"columnType\":\"varchar(100)\",\"createBy\":\"admin\",\"createTime\":\"2023-01-08 20:28:19\",\"dictType\":\"\",\"edit\":true,\"htmlType\":\"input\",\"increment\":false,\"insert\":true,\"isEdit\":\"1\",\"isIncrement\":\"0\",\"isInsert\":\"1\",\"isList\":\"1\",\"isPk\":\"0\",\"isQuery\":\"1\",\"javaField\":\"dictLabel\",\"javaType\":\"String\",\"list\":true,\"params\":{},\"pk\":false,\"query\":true,\"queryType\":\"EQ\",\"required\":false,\"sort\":3,\"superColumn\":false,\"tableId\":8,\"updateBy\":\"\",\"usableColumn\":false},{\"capJavaField\":\"DictValue\",\"columnComment\":\"字典键值\",\"columnId\":63,\"columnName\":\"dict_value\",\"columnType\":\"varchar(100)\",\"createBy\":\"admin\",\"createTime\":\"2023-01-08 20:28:19\",\"dictType\":\"\",\"edit\":true,\"htmlType\":\"input\",\"increment\":false,\"insert\":true,\"isEdit\":\"1\",\"isIncrement\":\"0\",\"isInsert\":\"1\",\"isList\":\"1\",\"isPk\":\"0\",\"isQuery\":\"1\",\"javaField\":\"dictValue\",\"javaType\":\"String\",\"lis', '{\"msg\":\"操作成功\",\"code\":200}', 0, NULL, '2023-01-08 20:58:11');
INSERT INTO `sys_oper_log` VALUES (198, '用户管理', 2, 'com.ruoyi.web.controller.system.SysUserController.changeStatus()', 'PUT', 1, 'admin', NULL, '/system/user/changeStatus', '127.0.0.1', '内网IP', '{\"admin\":false,\"params\":{},\"status\":\"0\",\"updateBy\":\"admin\",\"userId\":101}', '{\"msg\":\"操作成功\",\"code\":200}', 0, NULL, '2023-01-08 21:07:02');
INSERT INTO `sys_oper_log` VALUES (199, '角色管理', 2, 'com.ruoyi.web.controller.system.SysRoleController.edit()', 'PUT', 1, 'admin', NULL, '/system/role', '127.0.0.1', '内网IP', '{\"admin\":false,\"createTime\":\"2023-01-05 20:54:08\",\"dataScope\":\"3\",\"delFlag\":\"0\",\"deptCheckStrictly\":false,\"flag\":false,\"menuCheckStrictly\":true,\"menuIds\":[1,100,1000,1001,1002,1003,1004,1005,1006,101,1007,1008,1009,1010,1011,102,1012,1013,1014,1015,103,1016,1017,1018,1019,104,1020,1021,1022,1023,1024,105,1025,1026,1027,1028,1029,106,1030,1031,1032,1033,1034,107,1035,1036,1037,1038,108,500,1039,1040,1041,501,1042,1043,1044,1045,2,109,1046,1047,1048,110,1049,1050,1051,1052,1053,1054,111,112,113,114,3,115,2006,2007,2008,2009,2010,2011,116,1055,1056,1057,1058,1059,1060,117],\"params\":{},\"remark\":\"普通角色\",\"roleId\":2,\"roleKey\":\"common\",\"roleName\":\"普通角色\",\"roleSort\":2,\"status\":\"0\",\"updateBy\":\"admin\"}', '{\"msg\":\"操作成功\",\"code\":200}', 0, NULL, '2023-01-08 21:07:32');
INSERT INTO `sys_oper_log` VALUES (200, '菜单管理', 2, 'com.ruoyi.web.controller.system.SysMenuController.edit()', 'PUT', 1, 'test', NULL, '/system/menu', '127.0.0.1', '内网IP', '{\"children\":[],\"component\":\"system/student/index\",\"createTime\":\"2023-01-06 22:10:56\",\"icon\":\"#\",\"isCache\":\"0\",\"isFrame\":\"1\",\"menuId\":2006,\"menuName\":\"学生信息\",\"menuType\":\"C\",\"orderNum\":1,\"params\":{},\"parentId\":3,\"path\":\"student\",\"perms\":\"test:student:query\",\"status\":\"0\",\"updateBy\":\"test\",\"visible\":\"0\"}', '{\"msg\":\"操作成功\",\"code\":200}', 0, NULL, '2023-01-08 21:12:45');
INSERT INTO `sys_oper_log` VALUES (201, '菜单管理', 2, 'com.ruoyi.web.controller.system.SysMenuController.edit()', 'PUT', 1, 'test', NULL, '/system/menu', '127.0.0.1', '内网IP', '{\"children\":[],\"component\":\"\",\"createTime\":\"2023-01-06 22:10:56\",\"icon\":\"#\",\"isCache\":\"0\",\"isFrame\":\"1\",\"menuId\":2007,\"menuName\":\"学生信息查询\",\"menuType\":\"F\",\"orderNum\":1,\"params\":{},\"parentId\":2006,\"path\":\"#\",\"perms\":\"test:student:detail\",\"status\":\"0\",\"updateBy\":\"test\",\"visible\":\"0\"}', '{\"msg\":\"操作成功\",\"code\":200}', 0, NULL, '2023-01-08 21:13:53');
INSERT INTO `sys_oper_log` VALUES (202, '菜单管理', 2, 'com.ruoyi.web.controller.system.SysMenuController.edit()', 'PUT', 1, 'test', NULL, '/system/menu', '127.0.0.1', '内网IP', '{\"children\":[],\"component\":\"\",\"createTime\":\"2023-01-06 22:10:56\",\"icon\":\"#\",\"isCache\":\"0\",\"isFrame\":\"1\",\"menuId\":2008,\"menuName\":\"学生信息新增\",\"menuType\":\"F\",\"orderNum\":2,\"params\":{},\"parentId\":2006,\"path\":\"#\",\"perms\":\"test:student:save\",\"status\":\"0\",\"updateBy\":\"test\",\"visible\":\"0\"}', '{\"msg\":\"操作成功\",\"code\":200}', 0, NULL, '2023-01-08 21:14:03');
INSERT INTO `sys_oper_log` VALUES (203, '菜单管理', 2, 'com.ruoyi.web.controller.system.SysMenuController.edit()', 'PUT', 1, 'test', NULL, '/system/menu', '127.0.0.1', '内网IP', '{\"children\":[],\"component\":\"\",\"createTime\":\"2023-01-06 22:10:56\",\"icon\":\"#\",\"isCache\":\"0\",\"isFrame\":\"1\",\"menuId\":2009,\"menuName\":\"学生信息修改\",\"menuType\":\"F\",\"orderNum\":3,\"params\":{},\"parentId\":2006,\"path\":\"#\",\"perms\":\"test:student:update\",\"status\":\"0\",\"updateBy\":\"test\",\"visible\":\"0\"}', '{\"msg\":\"操作成功\",\"code\":200}', 0, NULL, '2023-01-08 21:14:16');
INSERT INTO `sys_oper_log` VALUES (204, '菜单管理', 2, 'com.ruoyi.web.controller.system.SysMenuController.edit()', 'PUT', 1, 'test', NULL, '/system/menu', '127.0.0.1', '内网IP', '{\"children\":[],\"component\":\"\",\"createTime\":\"2023-01-06 22:10:56\",\"icon\":\"#\",\"isCache\":\"0\",\"isFrame\":\"1\",\"menuId\":2010,\"menuName\":\"学生信息删除\",\"menuType\":\"F\",\"orderNum\":4,\"params\":{},\"parentId\":2006,\"path\":\"#\",\"perms\":\"test:student:delete\",\"status\":\"0\",\"updateBy\":\"test\",\"visible\":\"0\"}', '{\"msg\":\"操作成功\",\"code\":200}', 0, NULL, '2023-01-08 21:14:33');
INSERT INTO `sys_oper_log` VALUES (205, '菜单管理', 2, 'com.ruoyi.web.controller.system.SysMenuController.edit()', 'PUT', 1, 'test', NULL, '/system/menu', '127.0.0.1', '内网IP', '{\"children\":[],\"component\":\"\",\"createTime\":\"2023-01-06 22:10:56\",\"icon\":\"#\",\"isCache\":\"0\",\"isFrame\":\"1\",\"menuId\":2011,\"menuName\":\"学生信息导出\",\"menuType\":\"F\",\"orderNum\":5,\"params\":{},\"parentId\":2006,\"path\":\"#\",\"perms\":\"test:student:export\",\"status\":\"0\",\"updateBy\":\"test\",\"visible\":\"0\"}', '{\"msg\":\"操作成功\",\"code\":200}', 0, NULL, '2023-01-08 21:14:42');
INSERT INTO `sys_oper_log` VALUES (206, '学生信息', 1, 'com.ruoyi.web.test.controller.StudentController.save()', 'POST', 1, 'test', NULL, '/test/student', '127.0.0.1', '内网IP', '{\"studentName\":\"1\",\"studentSex\":\"1\",\"studentStatus\":\"0\"}', '{\"code\":200,\"message\":\"操作成功\"}', 0, NULL, '2023-01-08 21:16:48');
INSERT INTO `sys_oper_log` VALUES (207, '学生信息', 2, 'com.ruoyi.web.test.controller.StudentController.update()', 'PUT', 1, 'test', NULL, '/test/student/12', '127.0.0.1', '内网IP', '12 {\"studentHobby\":\"\",\"studentId\":12,\"studentName\":\"2\",\"studentSex\":\"1\",\"studentStatus\":\"0\"}', '{\"code\":200,\"message\":\"操作成功\"}', 0, NULL, '2023-01-08 21:16:55');
INSERT INTO `sys_oper_log` VALUES (208, '菜单管理', 2, 'com.ruoyi.web.controller.system.SysMenuController.edit()', 'PUT', 1, 'test', NULL, '/system/menu', '127.0.0.1', '内网IP', '{\"children\":[],\"component\":\"\",\"createTime\":\"2023-01-06 22:10:56\",\"icon\":\"#\",\"isCache\":\"0\",\"isFrame\":\"1\",\"menuId\":2010,\"menuName\":\"学生信息删除\",\"menuType\":\"F\",\"orderNum\":4,\"params\":{},\"parentId\":2006,\"path\":\"#\",\"perms\":\"test:student:remove\",\"status\":\"0\",\"updateBy\":\"test\",\"visible\":\"0\"}', '{\"msg\":\"操作成功\",\"code\":200}', 0, NULL, '2023-01-08 21:17:43');
INSERT INTO `sys_oper_log` VALUES (209, '学生信息', 2, 'com.ruoyi.web.test.controller.StudentController.update()', 'PUT', 1, 'test', NULL, '/test/student/12', '127.0.0.1', '内网IP', '12 {\"studentHobby\":\"\",\"studentId\":12,\"studentName\":\"2\",\"studentSex\":\"1\",\"studentStatus\":\"0\"}', '{\"code\":200,\"message\":\"操作成功\"}', 0, NULL, '2023-01-08 21:18:12');
INSERT INTO `sys_oper_log` VALUES (210, '学生信息', 3, 'com.ruoyi.web.test.controller.StudentController.remove()', 'DELETE', 1, 'test', NULL, '/test/student/12', '127.0.0.1', '内网IP', '{}', '{\"code\":200,\"message\":\"操作成功\"}', 0, NULL, '2023-01-08 21:18:32');
INSERT INTO `sys_oper_log` VALUES (211, '学生信息', 5, 'com.ruoyi.web.test.controller.StudentController.export()', 'POST', 1, 'test', NULL, '/test/student/export', '127.0.0.1', '内网IP', '{}', NULL, 0, NULL, '2023-01-08 21:19:55');
INSERT INTO `sys_oper_log` VALUES (212, '字典数据', 2, 'com.ruoyi.web.controller.system.SysDictDataController.edit()', 'PUT', 1, 'test', NULL, '/system/dict/data', '127.0.0.1', '内网IP', '{\"createBy\":\"admin\",\"createTime\":\"2023-01-05 20:54:09\",\"cssClass\":\"\",\"default\":false,\"dictCode\":19,\"dictLabel\":\"新增\",\"dictSort\":1,\"dictType\":\"sys_oper_type\",\"dictValue\":\"1\",\"isDefault\":\"N\",\"listClass\":\"success\",\"params\":{},\"remark\":\"新增操作\",\"status\":\"0\",\"updateBy\":\"test\"}', '{\"msg\":\"操作成功\",\"code\":200}', 0, NULL, '2023-01-08 21:20:41');
INSERT INTO `sys_oper_log` VALUES (213, '字典类型', 9, 'com.ruoyi.web.controller.system.SysDictTypeController.refreshCache()', 'DELETE', 1, 'test', NULL, '/system/dict/type/refreshCache', '127.0.0.1', '内网IP', '{}', '{\"msg\":\"操作成功\",\"code\":200}', 0, NULL, '2023-01-08 21:21:30');
INSERT INTO `sys_oper_log` VALUES (214, '学生信息', 1, 'com.ruoyi.web.test.controller.StudentController.save()', 'POST', 1, 'test', NULL, '/test/student', '127.0.0.1', '内网IP', '{\"studentAge\":1,\"studentHobby\":\"1\",\"studentName\":\"1\",\"studentSex\":\"0\",\"studentStatus\":\"0\"}', '{\"code\":200,\"message\":\"操作成功\"}', 0, NULL, '2023-01-08 21:22:34');
INSERT INTO `sys_oper_log` VALUES (215, '代码生成', 2, 'com.ruoyi.generator.controller.GenController.editSave()', 'PUT', 1, 'test', NULL, '/tool/gen', '127.0.0.1', '内网IP', '{\"businessName\":\"student\",\"className\":\"Student\",\"columns\":[{\"capJavaField\":\"StudentId\",\"columnComment\":\"编号\",\"columnId\":39,\"columnName\":\"student_id\",\"columnType\":\"int(11)\",\"createBy\":\"admin\",\"createTime\":\"2023-01-08 20:05:26\",\"dictType\":\"\",\"edit\":false,\"htmlType\":\"input\",\"increment\":true,\"insert\":true,\"isIncrement\":\"1\",\"isInsert\":\"1\",\"isPk\":\"1\",\"javaField\":\"studentId\",\"javaType\":\"Long\",\"list\":false,\"params\":{},\"pk\":true,\"query\":false,\"queryType\":\"EQ\",\"required\":false,\"sort\":1,\"superColumn\":false,\"tableId\":6,\"updateBy\":\"\",\"updateTime\":\"2023-01-08 20:07:20\",\"usableColumn\":false},{\"capJavaField\":\"StudentName\",\"columnComment\":\"学生名称\",\"columnId\":40,\"columnName\":\"student_name\",\"columnType\":\"varchar(30)\",\"createBy\":\"admin\",\"createTime\":\"2023-01-08 20:05:26\",\"dictType\":\"\",\"edit\":true,\"htmlType\":\"input\",\"increment\":false,\"insert\":true,\"isEdit\":\"1\",\"isIncrement\":\"0\",\"isInsert\":\"1\",\"isList\":\"1\",\"isPk\":\"0\",\"isQuery\":\"1\",\"javaField\":\"studentName\",\"javaType\":\"String\",\"list\":true,\"params\":{},\"pk\":false,\"query\":true,\"queryType\":\"LIKE\",\"required\":false,\"sort\":2,\"superColumn\":false,\"tableId\":6,\"updateBy\":\"\",\"updateTime\":\"2023-01-08 20:07:20\",\"usableColumn\":false},{\"capJavaField\":\"StudentAge\",\"columnComment\":\"年龄\",\"columnId\":41,\"columnName\":\"student_age\",\"columnType\":\"int(3)\",\"createBy\":\"admin\",\"createTime\":\"2023-01-08 20:05:26\",\"dictType\":\"\",\"edit\":true,\"htmlType\":\"input\",\"increment\":false,\"insert\":true,\"isEdit\":\"1\",\"isIncrement\":\"0\",\"isInsert\":\"1\",\"isList\":\"1\",\"isPk\":\"0\",\"isQuery\":\"1\",\"javaField\":\"studentAge\",\"javaType\":\"Integer\",\"list\":true,\"params\":{},\"pk\":false,\"query\":true,\"queryType\":\"EQ\",\"required\":false,\"sort\":3,\"superColumn\":false,\"tableId\":6,\"updateBy\":\"\",\"updateTime\":\"2023-01-08 20:07:20\",\"usableColumn\":false},{\"capJavaField\":\"StudentHobby\",\"columnComment\":\"爱好（0代码 1音乐 2电影）\",\"columnId\":42,\"columnName\":\"student_hobby\",\"columnType\":\"varchar(30)\",\"createBy\":\"admin\",\"createTime\":\"2023-01-08 20:05:26\",\"dictType\":\"\",\"edit\":true,\"htmlType\":\"input\",\"increment\":false,\"insert\":true,\"isE', '{\"msg\":\"操作成功\",\"code\":200}', 0, NULL, '2023-01-08 22:23:48');
INSERT INTO `sys_oper_log` VALUES (216, '代码生成', 2, 'com.ruoyi.generator.controller.GenController.editSave()', 'PUT', 1, 'test', NULL, '/tool/gen', '127.0.0.1', '内网IP', '{\"businessName\":\"student\",\"className\":\"Student\",\"columns\":[{\"capJavaField\":\"StudentId\",\"columnComment\":\"编号\",\"columnId\":39,\"columnName\":\"student_id\",\"columnType\":\"int(11)\",\"createBy\":\"admin\",\"createTime\":\"2023-01-08 20:05:26\",\"dictType\":\"\",\"edit\":false,\"htmlType\":\"input\",\"increment\":true,\"insert\":true,\"isIncrement\":\"1\",\"isInsert\":\"1\",\"isPk\":\"1\",\"javaField\":\"studentId\",\"javaType\":\"Long\",\"list\":false,\"params\":{},\"pk\":true,\"query\":false,\"queryType\":\"EQ\",\"required\":false,\"sort\":1,\"superColumn\":false,\"tableId\":6,\"updateBy\":\"\",\"updateTime\":\"2023-01-08 22:23:47\",\"usableColumn\":false},{\"capJavaField\":\"StudentName\",\"columnComment\":\"学生名称\",\"columnId\":40,\"columnName\":\"student_name\",\"columnType\":\"varchar(30)\",\"createBy\":\"admin\",\"createTime\":\"2023-01-08 20:05:26\",\"dictType\":\"\",\"edit\":true,\"htmlType\":\"input\",\"increment\":false,\"insert\":true,\"isEdit\":\"1\",\"isIncrement\":\"0\",\"isInsert\":\"1\",\"isList\":\"1\",\"isPk\":\"0\",\"isQuery\":\"1\",\"javaField\":\"studentName\",\"javaType\":\"String\",\"list\":true,\"params\":{},\"pk\":false,\"query\":true,\"queryType\":\"LIKE\",\"required\":false,\"sort\":2,\"superColumn\":false,\"tableId\":6,\"updateBy\":\"\",\"updateTime\":\"2023-01-08 22:23:47\",\"usableColumn\":false},{\"capJavaField\":\"StudentAge\",\"columnComment\":\"年龄\",\"columnId\":41,\"columnName\":\"student_age\",\"columnType\":\"int(3)\",\"createBy\":\"admin\",\"createTime\":\"2023-01-08 20:05:26\",\"dictType\":\"\",\"edit\":true,\"htmlType\":\"input\",\"increment\":false,\"insert\":true,\"isEdit\":\"1\",\"isIncrement\":\"0\",\"isInsert\":\"1\",\"isList\":\"1\",\"isPk\":\"0\",\"isQuery\":\"1\",\"javaField\":\"studentAge\",\"javaType\":\"Integer\",\"list\":true,\"params\":{},\"pk\":false,\"query\":true,\"queryType\":\"EQ\",\"required\":false,\"sort\":3,\"superColumn\":false,\"tableId\":6,\"updateBy\":\"\",\"updateTime\":\"2023-01-08 22:23:47\",\"usableColumn\":false},{\"capJavaField\":\"StudentHobby\",\"columnComment\":\"爱好（0代码 1音乐 2电影）\",\"columnId\":42,\"columnName\":\"student_hobby\",\"columnType\":\"varchar(30)\",\"createBy\":\"admin\",\"createTime\":\"2023-01-08 20:05:26\",\"dictType\":\"\",\"edit\":true,\"htmlType\":\"input\",\"increment\":false,\"insert\":true,\"isE', '{\"msg\":\"操作成功\",\"code\":200}', 0, NULL, '2023-01-08 22:25:17');
INSERT INTO `sys_oper_log` VALUES (217, '代码生成', 2, 'com.ruoyi.generator.controller.GenController.synchDb()', 'GET', 1, 'test', NULL, '/tool/gen/synchDb/sys_student', '127.0.0.1', '内网IP', '{}', '{\"msg\":\"操作成功\",\"code\":200}', 0, NULL, '2023-01-09 20:23:16');
INSERT INTO `sys_oper_log` VALUES (218, '代码生成', 2, 'com.ruoyi.generator.controller.GenController.synchDb()', 'GET', 1, 'test', NULL, '/tool/gen/synchDb/sys_student', '127.0.0.1', '内网IP', '{}', '{\"msg\":\"操作成功\",\"code\":200}', 0, NULL, '2023-01-09 20:26:44');
INSERT INTO `sys_oper_log` VALUES (219, '代码生成', 3, 'com.ruoyi.generator.controller.GenController.remove()', 'DELETE', 1, 'test', NULL, '/tool/gen/6', '127.0.0.1', '内网IP', '{}', '{\"msg\":\"操作成功\",\"code\":200}', 0, NULL, '2023-01-09 20:26:53');
INSERT INTO `sys_oper_log` VALUES (220, '代码生成', 6, 'com.ruoyi.generator.controller.GenController.importTableSave()', 'POST', 1, 'test', NULL, '/tool/gen/importTable', '127.0.0.1', '内网IP', '\"sys_student\"', '{\"msg\":\"操作成功\",\"code\":200}', 0, NULL, '2023-01-09 20:26:57');
INSERT INTO `sys_oper_log` VALUES (221, '代码生成', 3, 'com.ruoyi.generator.controller.GenController.remove()', 'DELETE', 1, 'test', NULL, '/tool/gen/9', '127.0.0.1', '内网IP', '{}', '{\"msg\":\"操作成功\",\"code\":200}', 0, NULL, '2023-01-09 20:38:09');
INSERT INTO `sys_oper_log` VALUES (222, '代码生成', 6, 'com.ruoyi.generator.controller.GenController.importTableSave()', 'POST', 1, 'test', NULL, '/tool/gen/importTable', '127.0.0.1', '内网IP', '\"sys_student\"', '{\"msg\":\"操作成功\",\"code\":200}', 0, NULL, '2023-01-09 20:38:18');
INSERT INTO `sys_oper_log` VALUES (223, '代码生成', 2, 'com.ruoyi.generator.controller.GenController.editSave()', 'PUT', 1, 'test', NULL, '/tool/gen', '127.0.0.1', '内网IP', '{\"businessName\":\"student\",\"className\":\"Student\",\"columns\":[{\"capJavaField\":\"StudentId\",\"columnComment\":\"编号\",\"columnId\":91,\"columnName\":\"student_id\",\"columnType\":\"int(11)\",\"createBy\":\"test\",\"createTime\":\"2023-01-09 20:38:17\",\"dictType\":\"\",\"edit\":false,\"htmlType\":\"input\",\"increment\":true,\"insert\":true,\"isIncrement\":\"1\",\"isInsert\":\"1\",\"isPk\":\"1\",\"javaField\":\"studentId\",\"javaType\":\"Long\",\"list\":false,\"params\":{},\"pk\":true,\"query\":false,\"queryType\":\"EQ\",\"required\":false,\"sort\":1,\"superColumn\":false,\"tableId\":10,\"updateBy\":\"\",\"usableColumn\":false},{\"capJavaField\":\"StudentName\",\"columnComment\":\"学生名称\",\"columnId\":92,\"columnName\":\"student_name\",\"columnType\":\"varchar(30)\",\"createBy\":\"test\",\"createTime\":\"2023-01-09 20:38:17\",\"dictType\":\"\",\"edit\":true,\"htmlType\":\"input\",\"increment\":false,\"insert\":true,\"isEdit\":\"1\",\"isIncrement\":\"0\",\"isInsert\":\"1\",\"isList\":\"1\",\"isPk\":\"0\",\"isQuery\":\"1\",\"isRequired\":\"1\",\"javaField\":\"studentName\",\"javaType\":\"String\",\"list\":true,\"params\":{},\"pk\":false,\"query\":true,\"queryType\":\"LIKE\",\"required\":true,\"sort\":2,\"superColumn\":false,\"tableId\":10,\"updateBy\":\"\",\"usableColumn\":false},{\"capJavaField\":\"StudentAge\",\"columnComment\":\"年龄\",\"columnId\":93,\"columnName\":\"student_age\",\"columnType\":\"int(3)\",\"createBy\":\"test\",\"createTime\":\"2023-01-09 20:38:17\",\"dictType\":\"\",\"edit\":true,\"htmlType\":\"input\",\"increment\":false,\"insert\":true,\"isEdit\":\"1\",\"isIncrement\":\"0\",\"isInsert\":\"1\",\"isList\":\"1\",\"isPk\":\"0\",\"isQuery\":\"1\",\"isRequired\":\"0\",\"javaField\":\"studentAge\",\"javaType\":\"Integer\",\"list\":true,\"params\":{},\"pk\":false,\"query\":true,\"queryType\":\"EQ\",\"required\":false,\"sort\":3,\"superColumn\":false,\"tableId\":10,\"updateBy\":\"\",\"usableColumn\":false},{\"capJavaField\":\"StudentHobby\",\"columnComment\":\"爱好（0代码 1音乐 2电影）\",\"columnId\":94,\"columnName\":\"student_hobby\",\"columnType\":\"varchar(30)\",\"createBy\":\"test\",\"createTime\":\"2023-01-09 20:38:17\",\"dictType\":\"\",\"edit\":true,\"htmlType\":\"input\",\"increment\":false,\"insert\":true,\"isEdit\":\"1\",\"isIncrement\":\"0\",\"isInsert\":\"1\",\"isList\":\"1\",\"isPk\":\"0\",\"isQuer', '{\"msg\":\"操作成功\",\"code\":200}', 0, NULL, '2023-01-09 20:42:45');
INSERT INTO `sys_oper_log` VALUES (224, '代码生成', 2, 'com.ruoyi.generator.controller.GenController.synchDb()', 'GET', 1, 'test', NULL, '/tool/gen/synchDb/sys_student', '127.0.0.1', '内网IP', '{}', '{\"msg\":\"操作成功\",\"code\":200}', 0, NULL, '2023-01-09 21:02:51');
INSERT INTO `sys_oper_log` VALUES (225, '代码生成', 2, 'com.ruoyi.generator.controller.GenController.editSave()', 'PUT', 1, 'test', NULL, '/tool/gen', '127.0.0.1', '内网IP', '{\"businessName\":\"student\",\"className\":\"Student\",\"columns\":[{\"capJavaField\":\"StudentId\",\"columnComment\":\"编号\",\"columnId\":91,\"columnName\":\"student_id\",\"columnType\":\"int(11)\",\"createBy\":\"test\",\"createTime\":\"2023-01-09 20:38:17\",\"dictType\":\"\",\"edit\":false,\"htmlType\":\"input\",\"increment\":true,\"insert\":true,\"isIncrement\":\"1\",\"isInsert\":\"1\",\"isPk\":\"1\",\"javaField\":\"studentId\",\"javaType\":\"Long\",\"list\":false,\"params\":{},\"pk\":true,\"query\":false,\"queryType\":\"EQ\",\"required\":false,\"sort\":1,\"superColumn\":false,\"tableId\":10,\"updateBy\":\"\",\"updateTime\":\"2023-01-09 21:02:51\",\"usableColumn\":false},{\"capJavaField\":\"StudentName\",\"columnComment\":\"学生名称\",\"columnId\":92,\"columnName\":\"student_name\",\"columnType\":\"varchar(30)\",\"createBy\":\"test\",\"createTime\":\"2023-01-09 20:38:17\",\"dictType\":\"\",\"edit\":true,\"htmlType\":\"input\",\"increment\":false,\"insert\":true,\"isEdit\":\"1\",\"isIncrement\":\"0\",\"isInsert\":\"1\",\"isList\":\"1\",\"isPk\":\"0\",\"isQuery\":\"1\",\"isRequired\":\"1\",\"javaField\":\"studentName\",\"javaType\":\"String\",\"list\":true,\"params\":{},\"pk\":false,\"query\":true,\"queryType\":\"LIKE\",\"required\":true,\"sort\":2,\"superColumn\":false,\"tableId\":10,\"updateBy\":\"\",\"updateTime\":\"2023-01-09 21:02:51\",\"usableColumn\":false},{\"capJavaField\":\"StudentAge\",\"columnComment\":\"年龄\",\"columnId\":93,\"columnName\":\"student_age\",\"columnType\":\"int(3)\",\"createBy\":\"test\",\"createTime\":\"2023-01-09 20:38:17\",\"dictType\":\"\",\"edit\":true,\"htmlType\":\"input\",\"increment\":false,\"insert\":true,\"isEdit\":\"1\",\"isIncrement\":\"0\",\"isInsert\":\"1\",\"isList\":\"1\",\"isPk\":\"0\",\"isQuery\":\"1\",\"isRequired\":\"0\",\"javaField\":\"studentAge\",\"javaType\":\"Integer\",\"list\":true,\"params\":{},\"pk\":false,\"query\":true,\"queryType\":\"EQ\",\"required\":false,\"sort\":3,\"superColumn\":false,\"tableId\":10,\"updateBy\":\"\",\"updateTime\":\"2023-01-09 21:02:51\",\"usableColumn\":false},{\"capJavaField\":\"StudentHobby\",\"columnComment\":\"爱好（0代码 1音乐 2电影）\",\"columnId\":94,\"columnName\":\"student_hobby\",\"columnType\":\"varchar(30)\",\"createBy\":\"test\",\"createTime\":\"2023-01-09 20:38:17\",\"dictType\":\"\",\"edit\":true,\"htmlType\":\"input\",\"inc', '{\"msg\":\"操作成功\",\"code\":200}', 0, NULL, '2023-01-09 21:33:51');
INSERT INTO `sys_oper_log` VALUES (226, '代码生成', 2, 'com.ruoyi.generator.controller.GenController.editSave()', 'PUT', 1, 'test', NULL, '/tool/gen', '127.0.0.1', '内网IP', '{\"businessName\":\"student\",\"className\":\"Student\",\"columns\":[{\"capJavaField\":\"StudentId\",\"columnComment\":\"编号\",\"columnId\":91,\"columnName\":\"student_id\",\"columnType\":\"int(11)\",\"createBy\":\"test\",\"createTime\":\"2023-01-09 20:38:17\",\"dictType\":\"\",\"edit\":false,\"htmlType\":\"input\",\"increment\":true,\"insert\":true,\"isIncrement\":\"1\",\"isInsert\":\"1\",\"isPk\":\"1\",\"javaField\":\"studentId\",\"javaType\":\"Long\",\"list\":false,\"params\":{},\"pk\":true,\"query\":false,\"queryType\":\"EQ\",\"required\":false,\"sort\":1,\"superColumn\":false,\"tableId\":10,\"updateBy\":\"\",\"updateTime\":\"2023-01-09 21:33:51\",\"usableColumn\":false},{\"capJavaField\":\"StudentName\",\"columnComment\":\"学生名称\",\"columnId\":92,\"columnName\":\"student_name\",\"columnType\":\"varchar(30)\",\"createBy\":\"test\",\"createTime\":\"2023-01-09 20:38:17\",\"dictType\":\"\",\"edit\":true,\"htmlType\":\"input\",\"increment\":false,\"insert\":true,\"isEdit\":\"1\",\"isIncrement\":\"0\",\"isInsert\":\"1\",\"isList\":\"1\",\"isPk\":\"0\",\"isQuery\":\"1\",\"isRequired\":\"1\",\"javaField\":\"studentName\",\"javaType\":\"String\",\"list\":true,\"params\":{},\"pk\":false,\"query\":true,\"queryType\":\"LIKE\",\"required\":true,\"sort\":2,\"superColumn\":false,\"tableId\":10,\"updateBy\":\"\",\"updateTime\":\"2023-01-09 21:33:51\",\"usableColumn\":false},{\"capJavaField\":\"StudentAge\",\"columnComment\":\"年龄\",\"columnId\":93,\"columnName\":\"student_age\",\"columnType\":\"int(3)\",\"createBy\":\"test\",\"createTime\":\"2023-01-09 20:38:17\",\"dictType\":\"\",\"edit\":true,\"htmlType\":\"input\",\"increment\":false,\"insert\":true,\"isEdit\":\"1\",\"isIncrement\":\"0\",\"isInsert\":\"1\",\"isList\":\"1\",\"isPk\":\"0\",\"isQuery\":\"1\",\"isRequired\":\"0\",\"javaField\":\"studentAge\",\"javaType\":\"Integer\",\"list\":true,\"params\":{},\"pk\":false,\"query\":true,\"queryType\":\"EQ\",\"required\":false,\"sort\":3,\"superColumn\":false,\"tableId\":10,\"updateBy\":\"\",\"updateTime\":\"2023-01-09 21:33:51\",\"usableColumn\":false},{\"capJavaField\":\"StudentHobby\",\"columnComment\":\"爱好（0代码 1音乐 2电影）\",\"columnId\":94,\"columnName\":\"student_hobby\",\"columnType\":\"varchar(30)\",\"createBy\":\"test\",\"createTime\":\"2023-01-09 20:38:17\",\"dictType\":\"\",\"edit\":true,\"htmlType\":\"input\",\"inc', '{\"msg\":\"操作成功\",\"code\":200}', 0, NULL, '2023-01-09 21:52:45');
INSERT INTO `sys_oper_log` VALUES (227, '学生信息', 3, 'com.ruoyi.web.test.controller.StudentController.remove()', 'DELETE', 1, 'test', NULL, '/test/student/2', '127.0.0.1', '内网IP', '{}', '{\"code\":200,\"message\":\"操作成功\"}', 0, NULL, '2023-01-09 21:53:55');
INSERT INTO `sys_oper_log` VALUES (228, '代码生成', 2, 'com.ruoyi.generator.controller.GenController.editSave()', 'PUT', 1, 'test', NULL, '/tool/gen', '127.0.0.1', '内网IP', '{\"businessName\":\"student\",\"className\":\"Student\",\"columns\":[{\"capJavaField\":\"StudentId\",\"columnComment\":\"编号\",\"columnId\":91,\"columnName\":\"student_id\",\"columnType\":\"int(11)\",\"createBy\":\"test\",\"createTime\":\"2023-01-09 20:38:17\",\"dictType\":\"\",\"edit\":false,\"htmlType\":\"input\",\"increment\":true,\"insert\":true,\"isIncrement\":\"1\",\"isInsert\":\"1\",\"isList\":\"1\",\"isPk\":\"1\",\"javaField\":\"studentId\",\"javaType\":\"Long\",\"list\":true,\"params\":{},\"pk\":true,\"query\":false,\"queryType\":\"EQ\",\"required\":false,\"sort\":1,\"superColumn\":false,\"tableId\":10,\"updateBy\":\"\",\"updateTime\":\"2023-01-09 21:52:45\",\"usableColumn\":false},{\"capJavaField\":\"StudentName\",\"columnComment\":\"学生名称\",\"columnId\":92,\"columnName\":\"student_name\",\"columnType\":\"varchar(30)\",\"createBy\":\"test\",\"createTime\":\"2023-01-09 20:38:17\",\"dictType\":\"\",\"edit\":true,\"htmlType\":\"input\",\"increment\":false,\"insert\":true,\"isEdit\":\"1\",\"isIncrement\":\"0\",\"isInsert\":\"1\",\"isList\":\"1\",\"isPk\":\"0\",\"isQuery\":\"1\",\"isRequired\":\"1\",\"javaField\":\"studentName\",\"javaType\":\"String\",\"list\":true,\"params\":{},\"pk\":false,\"query\":true,\"queryType\":\"LIKE\",\"required\":true,\"sort\":2,\"superColumn\":false,\"tableId\":10,\"updateBy\":\"\",\"updateTime\":\"2023-01-09 21:52:45\",\"usableColumn\":false},{\"capJavaField\":\"StudentAge\",\"columnComment\":\"年龄\",\"columnId\":93,\"columnName\":\"student_age\",\"columnType\":\"int(3)\",\"createBy\":\"test\",\"createTime\":\"2023-01-09 20:38:17\",\"dictType\":\"\",\"edit\":true,\"htmlType\":\"input\",\"increment\":false,\"insert\":true,\"isEdit\":\"1\",\"isIncrement\":\"0\",\"isInsert\":\"1\",\"isList\":\"1\",\"isPk\":\"0\",\"isQuery\":\"1\",\"isRequired\":\"0\",\"javaField\":\"studentAge\",\"javaType\":\"Integer\",\"list\":true,\"params\":{},\"pk\":false,\"query\":true,\"queryType\":\"EQ\",\"required\":false,\"sort\":3,\"superColumn\":false,\"tableId\":10,\"updateBy\":\"\",\"updateTime\":\"2023-01-09 21:52:45\",\"usableColumn\":false},{\"capJavaField\":\"StudentHobby\",\"columnComment\":\"爱好（0代码 1音乐 2电影）\",\"columnId\":94,\"columnName\":\"student_hobby\",\"columnType\":\"varchar(30)\",\"createBy\":\"test\",\"createTime\":\"2023-01-09 20:38:17\",\"dictType\":\"\",\"edit\":true,\"htmlType\":', '{\"msg\":\"操作成功\",\"code\":200}', 0, NULL, '2023-01-09 21:54:14');
INSERT INTO `sys_oper_log` VALUES (229, '学生信息', 5, 'com.ruoyi.web.test.controller.StudentController.export()', 'POST', 1, 'test', NULL, '/test/student/export', '127.0.0.1', '内网IP', '{}', NULL, 0, NULL, '2023-01-09 22:02:35');
INSERT INTO `sys_oper_log` VALUES (230, '代码生成', 2, 'com.ruoyi.generator.controller.GenController.editSave()', 'PUT', 1, 'test', NULL, '/tool/gen', '127.0.0.1', '内网IP', '{\"businessName\":\"student\",\"className\":\"Student\",\"columns\":[{\"capJavaField\":\"StudentId\",\"columnComment\":\"编号\",\"columnId\":91,\"columnName\":\"student_id\",\"columnType\":\"int(11)\",\"createBy\":\"test\",\"createTime\":\"2023-01-09 20:38:17\",\"dictType\":\"\",\"edit\":false,\"htmlType\":\"input\",\"increment\":true,\"insert\":true,\"isIncrement\":\"1\",\"isInsert\":\"1\",\"isList\":\"1\",\"isPk\":\"1\",\"isQuery\":\"1\",\"javaField\":\"studentId\",\"javaType\":\"Long\",\"list\":true,\"params\":{},\"pk\":true,\"query\":true,\"queryType\":\"EQ\",\"required\":false,\"sort\":1,\"superColumn\":false,\"tableId\":10,\"updateBy\":\"\",\"updateTime\":\"2023-01-09 21:54:14\",\"usableColumn\":false},{\"capJavaField\":\"StudentName\",\"columnComment\":\"学生名称\",\"columnId\":92,\"columnName\":\"student_name\",\"columnType\":\"varchar(30)\",\"createBy\":\"test\",\"createTime\":\"2023-01-09 20:38:17\",\"dictType\":\"\",\"edit\":true,\"htmlType\":\"input\",\"increment\":false,\"insert\":true,\"isEdit\":\"1\",\"isIncrement\":\"0\",\"isInsert\":\"1\",\"isList\":\"1\",\"isPk\":\"0\",\"isQuery\":\"1\",\"isRequired\":\"1\",\"javaField\":\"studentName\",\"javaType\":\"String\",\"list\":true,\"params\":{},\"pk\":false,\"query\":true,\"queryType\":\"LIKE\",\"required\":true,\"sort\":2,\"superColumn\":false,\"tableId\":10,\"updateBy\":\"\",\"updateTime\":\"2023-01-09 21:54:14\",\"usableColumn\":false},{\"capJavaField\":\"StudentAge\",\"columnComment\":\"年龄\",\"columnId\":93,\"columnName\":\"student_age\",\"columnType\":\"int(3)\",\"createBy\":\"test\",\"createTime\":\"2023-01-09 20:38:17\",\"dictType\":\"\",\"edit\":true,\"htmlType\":\"input\",\"increment\":false,\"insert\":true,\"isEdit\":\"1\",\"isIncrement\":\"0\",\"isInsert\":\"1\",\"isList\":\"1\",\"isPk\":\"0\",\"isQuery\":\"1\",\"isRequired\":\"0\",\"javaField\":\"studentAge\",\"javaType\":\"Integer\",\"list\":true,\"params\":{},\"pk\":false,\"query\":true,\"queryType\":\"EQ\",\"required\":false,\"sort\":3,\"superColumn\":false,\"tableId\":10,\"updateBy\":\"\",\"updateTime\":\"2023-01-09 21:54:14\",\"usableColumn\":false},{\"capJavaField\":\"StudentHobby\",\"columnComment\":\"爱好（0代码 1音乐 2电影）\",\"columnId\":94,\"columnName\":\"student_hobby\",\"columnType\":\"varchar(30)\",\"createBy\":\"test\",\"createTime\":\"2023-01-09 20:38:17\",\"dictType\":\"\",\"edit\":tru', '{\"msg\":\"操作成功\",\"code\":200}', 0, NULL, '2023-01-09 22:53:36');
INSERT INTO `sys_oper_log` VALUES (231, '代码生成', 2, 'com.ruoyi.generator.controller.GenController.editSave()', 'PUT', 1, 'test', NULL, '/tool/gen', '127.0.0.1', '内网IP', '{\"businessName\":\"student\",\"className\":\"Student\",\"columns\":[{\"capJavaField\":\"StudentId\",\"columnComment\":\"编号\",\"columnId\":91,\"columnName\":\"student_id\",\"columnType\":\"int(11)\",\"createBy\":\"test\",\"createTime\":\"2023-01-09 20:38:17\",\"dictType\":\"\",\"edit\":false,\"htmlType\":\"input\",\"increment\":true,\"insert\":true,\"isIncrement\":\"1\",\"isInsert\":\"1\",\"isList\":\"1\",\"isPk\":\"1\",\"isQuery\":\"0\",\"javaField\":\"studentId\",\"javaType\":\"Long\",\"list\":true,\"params\":{},\"pk\":true,\"query\":false,\"queryType\":\"EQ\",\"required\":false,\"sort\":1,\"superColumn\":false,\"tableId\":10,\"updateBy\":\"\",\"updateTime\":\"2023-01-09 22:53:36\",\"usableColumn\":false},{\"capJavaField\":\"StudentName\",\"columnComment\":\"学生名称\",\"columnId\":92,\"columnName\":\"student_name\",\"columnType\":\"varchar(30)\",\"createBy\":\"test\",\"createTime\":\"2023-01-09 20:38:17\",\"dictType\":\"\",\"edit\":true,\"htmlType\":\"input\",\"increment\":false,\"insert\":true,\"isEdit\":\"1\",\"isIncrement\":\"0\",\"isInsert\":\"1\",\"isList\":\"1\",\"isPk\":\"0\",\"isQuery\":\"1\",\"isRequired\":\"1\",\"javaField\":\"studentName\",\"javaType\":\"String\",\"list\":true,\"params\":{},\"pk\":false,\"query\":true,\"queryType\":\"LIKE\",\"required\":true,\"sort\":2,\"superColumn\":false,\"tableId\":10,\"updateBy\":\"\",\"updateTime\":\"2023-01-09 22:53:36\",\"usableColumn\":false},{\"capJavaField\":\"StudentAge\",\"columnComment\":\"年龄\",\"columnId\":93,\"columnName\":\"student_age\",\"columnType\":\"int(3)\",\"createBy\":\"test\",\"createTime\":\"2023-01-09 20:38:17\",\"dictType\":\"\",\"edit\":true,\"htmlType\":\"input\",\"increment\":false,\"insert\":true,\"isEdit\":\"1\",\"isIncrement\":\"0\",\"isInsert\":\"1\",\"isList\":\"1\",\"isPk\":\"0\",\"isQuery\":\"1\",\"isRequired\":\"0\",\"javaField\":\"studentAge\",\"javaType\":\"Integer\",\"list\":true,\"params\":{},\"pk\":false,\"query\":true,\"queryType\":\"EQ\",\"required\":false,\"sort\":3,\"superColumn\":false,\"tableId\":10,\"updateBy\":\"\",\"updateTime\":\"2023-01-09 22:53:36\",\"usableColumn\":false},{\"capJavaField\":\"StudentHobby\",\"columnComment\":\"爱好（0代码 1音乐 2电影）\",\"columnId\":94,\"columnName\":\"student_hobby\",\"columnType\":\"varchar(30)\",\"createBy\":\"test\",\"createTime\":\"2023-01-09 20:38:17\",\"dictType\":\"\",\"edit\":tr', '{\"msg\":\"操作成功\",\"code\":200}', 0, NULL, '2023-01-09 22:54:46');
INSERT INTO `sys_oper_log` VALUES (232, '代码生成', 2, 'com.ruoyi.generator.controller.GenController.editSave()', 'PUT', 1, 'test', NULL, '/tool/gen', '127.0.0.1', '内网IP', '{\"businessName\":\"student\",\"className\":\"Student\",\"columns\":[{\"capJavaField\":\"StudentId\",\"columnComment\":\"编号\",\"columnId\":91,\"columnName\":\"student_id\",\"columnType\":\"int(11)\",\"createBy\":\"test\",\"createTime\":\"2023-01-09 20:38:17\",\"dictType\":\"\",\"edit\":false,\"htmlType\":\"input\",\"increment\":true,\"insert\":true,\"isIncrement\":\"1\",\"isInsert\":\"1\",\"isList\":\"1\",\"isPk\":\"1\",\"isQuery\":\"0\",\"javaField\":\"studentId\",\"javaType\":\"Long\",\"list\":true,\"params\":{},\"pk\":true,\"query\":false,\"queryType\":\"EQ\",\"required\":false,\"sort\":1,\"superColumn\":false,\"tableId\":10,\"updateBy\":\"\",\"updateTime\":\"2023-01-09 22:54:46\",\"usableColumn\":false},{\"capJavaField\":\"StudentName\",\"columnComment\":\"学生名称\",\"columnId\":92,\"columnName\":\"student_name\",\"columnType\":\"varchar(30)\",\"createBy\":\"test\",\"createTime\":\"2023-01-09 20:38:17\",\"dictType\":\"\",\"edit\":true,\"htmlType\":\"input\",\"increment\":false,\"insert\":true,\"isEdit\":\"1\",\"isIncrement\":\"0\",\"isInsert\":\"1\",\"isList\":\"1\",\"isPk\":\"0\",\"isQuery\":\"1\",\"isRequired\":\"1\",\"javaField\":\"studentName\",\"javaType\":\"String\",\"list\":true,\"params\":{},\"pk\":false,\"query\":true,\"queryType\":\"LIKE\",\"required\":true,\"sort\":2,\"superColumn\":false,\"tableId\":10,\"updateBy\":\"\",\"updateTime\":\"2023-01-09 22:54:46\",\"usableColumn\":false},{\"capJavaField\":\"StudentAge\",\"columnComment\":\"年龄\",\"columnId\":93,\"columnName\":\"student_age\",\"columnType\":\"int(3)\",\"createBy\":\"test\",\"createTime\":\"2023-01-09 20:38:17\",\"dictType\":\"\",\"edit\":true,\"htmlType\":\"input\",\"increment\":false,\"insert\":true,\"isEdit\":\"1\",\"isIncrement\":\"0\",\"isInsert\":\"1\",\"isList\":\"1\",\"isPk\":\"0\",\"isQuery\":\"1\",\"isRequired\":\"0\",\"javaField\":\"studentAge\",\"javaType\":\"Integer\",\"list\":true,\"params\":{},\"pk\":false,\"query\":true,\"queryType\":\"EQ\",\"required\":false,\"sort\":3,\"superColumn\":false,\"tableId\":10,\"updateBy\":\"\",\"updateTime\":\"2023-01-09 22:54:46\",\"usableColumn\":false},{\"capJavaField\":\"StudentHobby\",\"columnComment\":\"爱好（0代码 1音乐 2电影）\",\"columnId\":94,\"columnName\":\"student_hobby\",\"columnType\":\"varchar(30)\",\"createBy\":\"test\",\"createTime\":\"2023-01-09 20:38:17\",\"dictType\":\"\",\"edit\":tr', '{\"msg\":\"操作成功\",\"code\":200}', 0, NULL, '2023-01-09 22:55:23');
INSERT INTO `sys_oper_log` VALUES (233, '代码生成', 2, 'com.ruoyi.generator.controller.GenController.synchDb()', 'GET', 1, 'test', NULL, '/tool/gen/synchDb/sys_student', '127.0.0.1', '内网IP', '{}', '{\"msg\":\"操作成功\",\"code\":200}', 0, NULL, '2023-01-10 20:41:09');
INSERT INTO `sys_oper_log` VALUES (234, '代码生成', 2, 'com.ruoyi.generator.controller.GenController.editSave()', 'PUT', 1, 'test', NULL, '/tool/gen', '127.0.0.1', '内网IP', '{\"businessName\":\"student\",\"className\":\"Student\",\"columns\":[{\"capJavaField\":\"StudentId\",\"columnComment\":\"编号\",\"columnId\":91,\"columnName\":\"student_id\",\"columnType\":\"int(11)\",\"createBy\":\"test\",\"createTime\":\"2023-01-09 20:38:17\",\"dictType\":\"\",\"edit\":false,\"export\":true,\"htmlType\":\"input\",\"increment\":true,\"isExport\":\"1\",\"isIncrement\":\"1\",\"isList\":\"1\",\"isPk\":\"1\",\"isQuery\":\"0\",\"javaField\":\"studentId\",\"javaType\":\"Long\",\"list\":true,\"params\":{},\"pk\":true,\"query\":false,\"queryType\":\"EQ\",\"required\":false,\"sort\":1,\"superColumn\":false,\"tableId\":10,\"updateBy\":\"\",\"updateTime\":\"2023-01-10 20:41:09\",\"usableColumn\":false},{\"capJavaField\":\"StudentName\",\"columnComment\":\"学生名称\",\"columnId\":92,\"columnName\":\"student_name\",\"columnType\":\"varchar(30)\",\"createBy\":\"test\",\"createTime\":\"2023-01-09 20:38:17\",\"dictType\":\"\",\"edit\":true,\"export\":true,\"htmlType\":\"input\",\"increment\":false,\"isEdit\":\"1\",\"isExport\":\"1\",\"isIncrement\":\"0\",\"isList\":\"1\",\"isPk\":\"0\",\"isQuery\":\"1\",\"isRequired\":\"1\",\"javaField\":\"studentName\",\"javaType\":\"String\",\"list\":true,\"params\":{},\"pk\":false,\"query\":true,\"queryType\":\"LIKE\",\"required\":true,\"sort\":2,\"superColumn\":false,\"tableId\":10,\"updateBy\":\"\",\"updateTime\":\"2023-01-10 20:41:09\",\"usableColumn\":false},{\"capJavaField\":\"StudentAge\",\"columnComment\":\"年龄\",\"columnId\":93,\"columnName\":\"student_age\",\"columnType\":\"int(3)\",\"createBy\":\"test\",\"createTime\":\"2023-01-09 20:38:17\",\"dictType\":\"\",\"edit\":true,\"export\":true,\"htmlType\":\"input\",\"increment\":false,\"isEdit\":\"1\",\"isExport\":\"1\",\"isIncrement\":\"0\",\"isList\":\"1\",\"isPk\":\"0\",\"isQuery\":\"0\",\"isRequired\":\"0\",\"javaField\":\"studentAge\",\"javaType\":\"Integer\",\"list\":true,\"params\":{},\"pk\":false,\"query\":false,\"queryType\":\"EQ\",\"required\":false,\"sort\":3,\"superColumn\":false,\"tableId\":10,\"updateBy\":\"\",\"updateTime\":\"2023-01-10 20:41:09\",\"usableColumn\":false},{\"capJavaField\":\"StudentHobby\",\"columnComment\":\"爱好（0代码 1音乐 2电影）\",\"columnId\":94,\"columnName\":\"student_hobby\",\"columnType\":\"varchar(30)\",\"createBy\":\"test\",\"createTime\":\"2023-01-09 20:38:17\",\"dictType\":\"\",\"edit\":t', '{\"msg\":\"操作成功\",\"code\":200}', 0, NULL, '2023-01-10 20:42:52');
INSERT INTO `sys_oper_log` VALUES (235, '代码生成', 2, 'com.ruoyi.generator.controller.GenController.editSave()', 'PUT', 1, 'test', NULL, '/tool/gen', '127.0.0.1', '内网IP', '{\"businessName\":\"student\",\"className\":\"Student\",\"columns\":[{\"capJavaField\":\"StudentId\",\"columnComment\":\"编号\",\"columnId\":91,\"columnName\":\"student_id\",\"columnType\":\"int(11)\",\"createBy\":\"test\",\"createTime\":\"2023-01-09 20:38:17\",\"dictType\":\"\",\"edit\":false,\"export\":true,\"htmlType\":\"input\",\"increment\":true,\"isExport\":\"1\",\"isIncrement\":\"1\",\"isList\":\"1\",\"isPk\":\"1\",\"isQuery\":\"0\",\"javaField\":\"studentId\",\"javaType\":\"Long\",\"list\":true,\"params\":{},\"pk\":true,\"query\":false,\"queryType\":\"EQ\",\"required\":false,\"sort\":1,\"superColumn\":false,\"tableId\":10,\"updateBy\":\"\",\"updateTime\":\"2023-01-10 20:42:52\",\"usableColumn\":false},{\"capJavaField\":\"StudentName\",\"columnComment\":\"学生名称\",\"columnId\":92,\"columnName\":\"student_name\",\"columnType\":\"varchar(30)\",\"createBy\":\"test\",\"createTime\":\"2023-01-09 20:38:17\",\"dictType\":\"\",\"edit\":true,\"export\":true,\"htmlType\":\"input\",\"increment\":false,\"isEdit\":\"1\",\"isExport\":\"1\",\"isIncrement\":\"0\",\"isList\":\"1\",\"isPk\":\"0\",\"isQuery\":\"1\",\"isRequired\":\"1\",\"javaField\":\"studentName\",\"javaType\":\"String\",\"list\":true,\"params\":{},\"pk\":false,\"query\":true,\"queryType\":\"LIKE\",\"required\":true,\"sort\":2,\"superColumn\":false,\"tableId\":10,\"updateBy\":\"\",\"updateTime\":\"2023-01-10 20:42:52\",\"usableColumn\":false},{\"capJavaField\":\"StudentAge\",\"columnComment\":\"年龄\",\"columnId\":93,\"columnName\":\"student_age\",\"columnType\":\"int(3)\",\"createBy\":\"test\",\"createTime\":\"2023-01-09 20:38:17\",\"dictType\":\"\",\"edit\":true,\"export\":true,\"htmlType\":\"input\",\"increment\":false,\"isEdit\":\"1\",\"isExport\":\"1\",\"isIncrement\":\"0\",\"isList\":\"1\",\"isPk\":\"0\",\"isQuery\":\"0\",\"isRequired\":\"0\",\"javaField\":\"studentAge\",\"javaType\":\"Integer\",\"list\":true,\"params\":{},\"pk\":false,\"query\":false,\"queryType\":\"EQ\",\"required\":false,\"sort\":3,\"superColumn\":false,\"tableId\":10,\"updateBy\":\"\",\"updateTime\":\"2023-01-10 20:42:52\",\"usableColumn\":false},{\"capJavaField\":\"StudentHobby\",\"columnComment\":\"爱好（0代码 1音乐 2电影）\",\"columnId\":94,\"columnName\":\"student_hobby\",\"columnType\":\"varchar(30)\",\"createBy\":\"test\",\"createTime\":\"2023-01-09 20:38:17\",\"dictType\":\"\",\"edit\":t', '{\"msg\":\"操作成功\",\"code\":200}', 0, NULL, '2023-01-10 20:43:10');
INSERT INTO `sys_oper_log` VALUES (236, '菜单管理', 1, 'com.ruoyi.web.controller.system.SysMenuController.add()', 'POST', 1, 'test', NULL, '/system/menu', '127.0.0.1', '内网IP', '{\"children\":[],\"createBy\":\"test\",\"icon\":\"table\",\"isCache\":\"0\",\"isFrame\":\"1\",\"menuName\":\"测试\",\"menuType\":\"M\",\"orderNum\":4,\"params\":{},\"parentId\":0,\"path\":\"test\",\"status\":\"0\",\"visible\":\"0\"}', '{\"msg\":\"操作成功\",\"code\":200}', 0, NULL, '2023-01-10 20:44:12');
INSERT INTO `sys_oper_log` VALUES (237, '代码生成', 2, 'com.ruoyi.generator.controller.GenController.editSave()', 'PUT', 1, 'admin', NULL, '/tool/gen', '127.0.0.1', '内网IP', '{\"businessName\":\"student\",\"className\":\"Student\",\"columns\":[{\"capJavaField\":\"StudentId\",\"columnComment\":\"编号\",\"columnId\":91,\"columnName\":\"student_id\",\"columnType\":\"int(11)\",\"createBy\":\"test\",\"createTime\":\"2023-01-09 20:38:17\",\"dictType\":\"\",\"edit\":false,\"export\":true,\"htmlType\":\"input\",\"increment\":true,\"isExport\":\"1\",\"isIncrement\":\"1\",\"isList\":\"1\",\"isPk\":\"1\",\"isQuery\":\"0\",\"javaField\":\"studentId\",\"javaType\":\"Long\",\"list\":true,\"params\":{},\"pk\":true,\"query\":false,\"queryType\":\"EQ\",\"required\":false,\"sort\":1,\"superColumn\":false,\"tableId\":10,\"updateBy\":\"\",\"updateTime\":\"2023-01-10 20:43:10\",\"usableColumn\":false},{\"capJavaField\":\"StudentName\",\"columnComment\":\"学生名称\",\"columnId\":92,\"columnName\":\"student_name\",\"columnType\":\"varchar(30)\",\"createBy\":\"test\",\"createTime\":\"2023-01-09 20:38:17\",\"dictType\":\"\",\"edit\":true,\"export\":true,\"htmlType\":\"input\",\"increment\":false,\"isEdit\":\"1\",\"isExport\":\"1\",\"isIncrement\":\"0\",\"isList\":\"1\",\"isPk\":\"0\",\"isQuery\":\"1\",\"isRequired\":\"1\",\"javaField\":\"studentName\",\"javaType\":\"String\",\"list\":true,\"params\":{},\"pk\":false,\"query\":true,\"queryType\":\"LIKE\",\"required\":true,\"sort\":2,\"superColumn\":false,\"tableId\":10,\"updateBy\":\"\",\"updateTime\":\"2023-01-10 20:43:10\",\"usableColumn\":false},{\"capJavaField\":\"StudentAge\",\"columnComment\":\"年龄\",\"columnId\":93,\"columnName\":\"student_age\",\"columnType\":\"int(3)\",\"createBy\":\"test\",\"createTime\":\"2023-01-09 20:38:17\",\"dictType\":\"\",\"edit\":true,\"export\":true,\"htmlType\":\"input\",\"increment\":false,\"isEdit\":\"1\",\"isExport\":\"1\",\"isIncrement\":\"0\",\"isList\":\"1\",\"isPk\":\"0\",\"isQuery\":\"0\",\"isRequired\":\"0\",\"javaField\":\"studentAge\",\"javaType\":\"Integer\",\"list\":true,\"params\":{},\"pk\":false,\"query\":false,\"queryType\":\"EQ\",\"required\":false,\"sort\":3,\"superColumn\":false,\"tableId\":10,\"updateBy\":\"\",\"updateTime\":\"2023-01-10 20:43:10\",\"usableColumn\":false},{\"capJavaField\":\"StudentHobby\",\"columnComment\":\"爱好（0代码 1音乐 2电影）\",\"columnId\":94,\"columnName\":\"student_hobby\",\"columnType\":\"varchar(30)\",\"createBy\":\"test\",\"createTime\":\"2023-01-09 20:38:17\",\"dictType\":\"\",\"edit\":t', '{\"msg\":\"操作成功\",\"code\":200}', 0, NULL, '2023-01-10 20:46:09');
INSERT INTO `sys_oper_log` VALUES (238, '代码生成', 8, 'com.ruoyi.generator.controller.GenController.genCode()', 'GET', 1, 'admin', NULL, '/tool/gen/genCode/sys_student', '127.0.0.1', '内网IP', '{}', '{\"msg\":\"操作成功\",\"code\":200}', 0, NULL, '2023-01-10 20:46:22');
INSERT INTO `sys_oper_log` VALUES (239, '代码生成', 2, 'com.ruoyi.generator.controller.GenController.editSave()', 'PUT', 1, 'admin', NULL, '/tool/gen', '127.0.0.1', '内网IP', '{\"businessName\":\"student\",\"className\":\"Student\",\"columns\":[{\"capJavaField\":\"StudentId\",\"columnComment\":\"编号\",\"columnId\":91,\"columnName\":\"student_id\",\"columnType\":\"int(11)\",\"createBy\":\"test\",\"createTime\":\"2023-01-09 20:38:17\",\"dictType\":\"\",\"edit\":false,\"export\":true,\"htmlType\":\"input\",\"increment\":true,\"isExport\":\"1\",\"isIncrement\":\"1\",\"isList\":\"1\",\"isPk\":\"1\",\"isQuery\":\"0\",\"javaField\":\"studentId\",\"javaType\":\"Long\",\"list\":true,\"params\":{},\"pk\":true,\"query\":false,\"queryType\":\"EQ\",\"required\":false,\"sort\":1,\"superColumn\":false,\"tableId\":10,\"updateBy\":\"\",\"updateTime\":\"2023-01-10 20:46:09\",\"usableColumn\":false},{\"capJavaField\":\"StudentName\",\"columnComment\":\"学生名称\",\"columnId\":92,\"columnName\":\"student_name\",\"columnType\":\"varchar(30)\",\"createBy\":\"test\",\"createTime\":\"2023-01-09 20:38:17\",\"dictType\":\"\",\"edit\":true,\"export\":true,\"htmlType\":\"input\",\"increment\":false,\"isEdit\":\"1\",\"isExport\":\"1\",\"isIncrement\":\"0\",\"isList\":\"1\",\"isPk\":\"0\",\"isQuery\":\"1\",\"isRequired\":\"1\",\"javaField\":\"studentName\",\"javaType\":\"String\",\"list\":true,\"params\":{},\"pk\":false,\"query\":true,\"queryType\":\"LIKE\",\"required\":true,\"sort\":2,\"superColumn\":false,\"tableId\":10,\"updateBy\":\"\",\"updateTime\":\"2023-01-10 20:46:09\",\"usableColumn\":false},{\"capJavaField\":\"StudentAge\",\"columnComment\":\"年龄\",\"columnId\":93,\"columnName\":\"student_age\",\"columnType\":\"int(3)\",\"createBy\":\"test\",\"createTime\":\"2023-01-09 20:38:17\",\"dictType\":\"\",\"edit\":true,\"export\":true,\"htmlType\":\"input\",\"increment\":false,\"isEdit\":\"1\",\"isExport\":\"1\",\"isIncrement\":\"0\",\"isList\":\"1\",\"isPk\":\"0\",\"isQuery\":\"0\",\"isRequired\":\"0\",\"javaField\":\"studentAge\",\"javaType\":\"Integer\",\"list\":true,\"params\":{},\"pk\":false,\"query\":false,\"queryType\":\"EQ\",\"required\":false,\"sort\":3,\"superColumn\":false,\"tableId\":10,\"updateBy\":\"\",\"updateTime\":\"2023-01-10 20:46:09\",\"usableColumn\":false},{\"capJavaField\":\"StudentHobby\",\"columnComment\":\"爱好（0代码 1音乐 2电影）\",\"columnId\":94,\"columnName\":\"student_hobby\",\"columnType\":\"varchar(30)\",\"createBy\":\"test\",\"createTime\":\"2023-01-09 20:38:17\",\"dictType\":\"\",\"edit\":t', '{\"msg\":\"操作成功\",\"code\":200}', 0, NULL, '2023-01-10 20:48:36');
INSERT INTO `sys_oper_log` VALUES (240, '代码生成', 8, 'com.ruoyi.generator.controller.GenController.batchGenCode()', 'GET', 1, 'admin', NULL, '/tool/gen/batchGenCode', '127.0.0.1', '内网IP', '{\"tables\":\"sys_student\"}', NULL, 0, NULL, '2023-01-10 20:48:38');
INSERT INTO `sys_oper_log` VALUES (241, '代码生成', 8, 'com.ruoyi.generator.controller.GenController.batchGenCode()', 'GET', 1, 'admin', NULL, '/tool/gen/batchGenCode', '127.0.0.1', '内网IP', '{\"tables\":\"sys_student\"}', NULL, 0, NULL, '2023-01-10 20:58:50');
INSERT INTO `sys_oper_log` VALUES (242, '代码生成', 2, 'com.ruoyi.generator.controller.GenController.editSave()', 'PUT', 1, 'admin', NULL, '/tool/gen', '127.0.0.1', '内网IP', '{\"businessName\":\"student\",\"className\":\"Student\",\"columns\":[{\"capJavaField\":\"StudentId\",\"columnComment\":\"编号\",\"columnId\":91,\"columnName\":\"student_id\",\"columnType\":\"int(11)\",\"createBy\":\"test\",\"createTime\":\"2023-01-09 20:38:17\",\"dictType\":\"\",\"edit\":false,\"export\":true,\"htmlType\":\"input\",\"increment\":true,\"isEdit\":\"0\",\"isExport\":\"1\",\"isIncrement\":\"1\",\"isList\":\"1\",\"isPk\":\"1\",\"isQuery\":\"0\",\"javaField\":\"studentId\",\"javaType\":\"Long\",\"list\":true,\"params\":{},\"pk\":true,\"query\":false,\"queryType\":\"EQ\",\"required\":false,\"sort\":1,\"superColumn\":false,\"tableId\":10,\"updateBy\":\"\",\"updateTime\":\"2023-01-10 20:48:35\",\"usableColumn\":false},{\"capJavaField\":\"StudentName\",\"columnComment\":\"学生名称\",\"columnId\":92,\"columnName\":\"student_name\",\"columnType\":\"varchar(30)\",\"createBy\":\"test\",\"createTime\":\"2023-01-09 20:38:17\",\"dictType\":\"\",\"edit\":true,\"export\":true,\"htmlType\":\"input\",\"increment\":false,\"isEdit\":\"1\",\"isExport\":\"1\",\"isIncrement\":\"0\",\"isList\":\"1\",\"isPk\":\"0\",\"isQuery\":\"1\",\"isRequired\":\"1\",\"javaField\":\"studentName\",\"javaType\":\"String\",\"list\":true,\"params\":{},\"pk\":false,\"query\":true,\"queryType\":\"LIKE\",\"required\":true,\"sort\":2,\"superColumn\":false,\"tableId\":10,\"updateBy\":\"\",\"updateTime\":\"2023-01-10 20:48:35\",\"usableColumn\":false},{\"capJavaField\":\"StudentAge\",\"columnComment\":\"年龄\",\"columnId\":93,\"columnName\":\"student_age\",\"columnType\":\"int(3)\",\"createBy\":\"test\",\"createTime\":\"2023-01-09 20:38:17\",\"dictType\":\"\",\"edit\":true,\"export\":true,\"htmlType\":\"input\",\"increment\":false,\"isEdit\":\"1\",\"isExport\":\"1\",\"isIncrement\":\"0\",\"isList\":\"1\",\"isPk\":\"0\",\"isQuery\":\"0\",\"isRequired\":\"0\",\"javaField\":\"studentAge\",\"javaType\":\"Integer\",\"list\":true,\"params\":{},\"pk\":false,\"query\":false,\"queryType\":\"EQ\",\"required\":false,\"sort\":3,\"superColumn\":false,\"tableId\":10,\"updateBy\":\"\",\"updateTime\":\"2023-01-10 20:48:35\",\"usableColumn\":false},{\"capJavaField\":\"StudentHobby\",\"columnComment\":\"爱好（0代码 1音乐 2电影）\",\"columnId\":94,\"columnName\":\"student_hobby\",\"columnType\":\"varchar(30)\",\"createBy\":\"test\",\"createTime\":\"2023-01-09 20:38:17\",\"dictType', '{\"msg\":\"操作成功\",\"code\":200}', 0, NULL, '2023-01-10 21:10:38');
INSERT INTO `sys_oper_log` VALUES (243, '代码生成', 2, 'com.ruoyi.generator.controller.GenController.editSave()', 'PUT', 1, 'admin', NULL, '/tool/gen', '127.0.0.1', '内网IP', '{\"businessName\":\"student\",\"className\":\"Student\",\"columns\":[{\"capJavaField\":\"StudentId\",\"columnComment\":\"编号\",\"columnId\":91,\"columnName\":\"student_id\",\"columnType\":\"int(11)\",\"createBy\":\"test\",\"createTime\":\"2023-01-09 20:38:17\",\"dictType\":\"\",\"edit\":false,\"export\":false,\"htmlType\":\"input\",\"increment\":true,\"isEdit\":\"0\",\"isExport\":\"0\",\"isIncrement\":\"1\",\"isList\":\"1\",\"isPk\":\"1\",\"isQuery\":\"0\",\"javaField\":\"studentId\",\"javaType\":\"Long\",\"list\":true,\"params\":{},\"pk\":true,\"query\":false,\"queryType\":\"EQ\",\"required\":false,\"sort\":1,\"superColumn\":false,\"tableId\":10,\"updateBy\":\"\",\"updateTime\":\"2023-01-10 21:10:37\",\"usableColumn\":false},{\"capJavaField\":\"StudentName\",\"columnComment\":\"学生名称\",\"columnId\":92,\"columnName\":\"student_name\",\"columnType\":\"varchar(30)\",\"createBy\":\"test\",\"createTime\":\"2023-01-09 20:38:17\",\"dictType\":\"\",\"edit\":true,\"export\":true,\"htmlType\":\"input\",\"increment\":false,\"isEdit\":\"1\",\"isExport\":\"1\",\"isIncrement\":\"0\",\"isList\":\"1\",\"isPk\":\"0\",\"isQuery\":\"1\",\"isRequired\":\"1\",\"javaField\":\"studentName\",\"javaType\":\"String\",\"list\":true,\"params\":{},\"pk\":false,\"query\":true,\"queryType\":\"LIKE\",\"required\":true,\"sort\":2,\"superColumn\":false,\"tableId\":10,\"updateBy\":\"\",\"updateTime\":\"2023-01-10 21:10:37\",\"usableColumn\":false},{\"capJavaField\":\"StudentAge\",\"columnComment\":\"年龄\",\"columnId\":93,\"columnName\":\"student_age\",\"columnType\":\"int(3)\",\"createBy\":\"test\",\"createTime\":\"2023-01-09 20:38:17\",\"dictType\":\"\",\"edit\":true,\"export\":true,\"htmlType\":\"input\",\"increment\":false,\"isEdit\":\"1\",\"isExport\":\"1\",\"isIncrement\":\"0\",\"isList\":\"1\",\"isPk\":\"0\",\"isQuery\":\"0\",\"isRequired\":\"0\",\"javaField\":\"studentAge\",\"javaType\":\"Integer\",\"list\":true,\"params\":{},\"pk\":false,\"query\":false,\"queryType\":\"EQ\",\"required\":false,\"sort\":3,\"superColumn\":false,\"tableId\":10,\"updateBy\":\"\",\"updateTime\":\"2023-01-10 21:10:37\",\"usableColumn\":false},{\"capJavaField\":\"StudentHobby\",\"columnComment\":\"爱好（0代码 1音乐 2电影）\",\"columnId\":94,\"columnName\":\"student_hobby\",\"columnType\":\"varchar(30)\",\"createBy\":\"test\",\"createTime\":\"2023-01-09 20:38:17\",\"dictTyp', '{\"msg\":\"操作成功\",\"code\":200}', 0, NULL, '2023-01-10 21:13:06');
INSERT INTO `sys_oper_log` VALUES (244, '代码生成', 2, 'com.ruoyi.generator.controller.GenController.editSave()', 'PUT', 1, 'admin', NULL, '/tool/gen', '127.0.0.1', '内网IP', '{\"businessName\":\"student\",\"className\":\"Student\",\"columns\":[{\"capJavaField\":\"StudentId\",\"columnComment\":\"编号\",\"columnId\":91,\"columnName\":\"student_id\",\"columnType\":\"int(11)\",\"createBy\":\"test\",\"createTime\":\"2023-01-09 20:38:17\",\"dictType\":\"\",\"edit\":false,\"export\":false,\"htmlType\":\"input\",\"increment\":true,\"isEdit\":\"0\",\"isExport\":\"0\",\"isIncrement\":\"1\",\"isList\":\"1\",\"isPk\":\"1\",\"isQuery\":\"0\",\"javaField\":\"studentId\",\"javaType\":\"Long\",\"list\":true,\"params\":{},\"pk\":true,\"query\":false,\"queryType\":\"EQ\",\"required\":false,\"sort\":1,\"superColumn\":false,\"tableId\":10,\"updateBy\":\"\",\"updateTime\":\"2023-01-10 21:13:06\",\"usableColumn\":false},{\"capJavaField\":\"StudentName\",\"columnComment\":\"学生名称\",\"columnId\":92,\"columnName\":\"student_name\",\"columnType\":\"varchar(30)\",\"createBy\":\"test\",\"createTime\":\"2023-01-09 20:38:17\",\"dictType\":\"\",\"edit\":true,\"export\":true,\"htmlType\":\"input\",\"increment\":false,\"isEdit\":\"1\",\"isExport\":\"1\",\"isIncrement\":\"0\",\"isList\":\"1\",\"isPk\":\"0\",\"isQuery\":\"1\",\"isRequired\":\"1\",\"javaField\":\"studentName\",\"javaType\":\"String\",\"list\":true,\"params\":{},\"pk\":false,\"query\":true,\"queryType\":\"LIKE\",\"required\":true,\"sort\":2,\"superColumn\":false,\"tableId\":10,\"updateBy\":\"\",\"updateTime\":\"2023-01-10 21:13:06\",\"usableColumn\":false},{\"capJavaField\":\"StudentAge\",\"columnComment\":\"年龄\",\"columnId\":93,\"columnName\":\"student_age\",\"columnType\":\"int(3)\",\"createBy\":\"test\",\"createTime\":\"2023-01-09 20:38:17\",\"dictType\":\"\",\"edit\":true,\"export\":true,\"htmlType\":\"input\",\"increment\":false,\"isEdit\":\"1\",\"isExport\":\"1\",\"isIncrement\":\"0\",\"isList\":\"1\",\"isPk\":\"0\",\"isQuery\":\"0\",\"isRequired\":\"0\",\"javaField\":\"studentAge\",\"javaType\":\"Integer\",\"list\":true,\"params\":{},\"pk\":false,\"query\":false,\"queryType\":\"EQ\",\"required\":false,\"sort\":3,\"superColumn\":false,\"tableId\":10,\"updateBy\":\"\",\"updateTime\":\"2023-01-10 21:13:06\",\"usableColumn\":false},{\"capJavaField\":\"StudentHobby\",\"columnComment\":\"爱好（0代码 1音乐 2电影）\",\"columnId\":94,\"columnName\":\"student_hobby\",\"columnType\":\"varchar(30)\",\"createBy\":\"test\",\"createTime\":\"2023-01-09 20:38:17\",\"dictTyp', '{\"msg\":\"操作成功\",\"code\":200}', 0, NULL, '2023-01-10 21:18:25');
INSERT INTO `sys_oper_log` VALUES (245, '代码生成', 2, 'com.ruoyi.generator.controller.GenController.editSave()', 'PUT', 1, 'admin', NULL, '/tool/gen', '127.0.0.1', '内网IP', '{\"businessName\":\"student\",\"className\":\"Student\",\"columns\":[{\"capJavaField\":\"StudentId\",\"columnComment\":\"编号\",\"columnId\":91,\"columnName\":\"student_id\",\"columnType\":\"int(11)\",\"createBy\":\"test\",\"createTime\":\"2023-01-09 20:38:17\",\"dictType\":\"\",\"edit\":false,\"export\":false,\"htmlType\":\"input\",\"increment\":true,\"isEdit\":\"0\",\"isExport\":\"0\",\"isIncrement\":\"1\",\"isList\":\"1\",\"isPk\":\"1\",\"isQuery\":\"0\",\"javaField\":\"studentId\",\"javaType\":\"Long\",\"list\":true,\"params\":{},\"pk\":true,\"query\":false,\"queryType\":\"EQ\",\"required\":false,\"sort\":1,\"superColumn\":false,\"tableId\":10,\"updateBy\":\"\",\"updateTime\":\"2023-01-10 21:18:25\",\"usableColumn\":false},{\"capJavaField\":\"StudentName\",\"columnComment\":\"学生名称\",\"columnId\":92,\"columnName\":\"student_name\",\"columnType\":\"varchar(30)\",\"createBy\":\"test\",\"createTime\":\"2023-01-09 20:38:17\",\"dictType\":\"\",\"edit\":true,\"export\":true,\"htmlType\":\"input\",\"increment\":false,\"isEdit\":\"1\",\"isExport\":\"1\",\"isIncrement\":\"0\",\"isList\":\"1\",\"isPk\":\"0\",\"isQuery\":\"1\",\"isRequired\":\"1\",\"javaField\":\"studentName\",\"javaType\":\"String\",\"list\":true,\"params\":{},\"pk\":false,\"query\":true,\"queryType\":\"LIKE\",\"required\":true,\"sort\":2,\"superColumn\":false,\"tableId\":10,\"updateBy\":\"\",\"updateTime\":\"2023-01-10 21:18:25\",\"usableColumn\":false},{\"capJavaField\":\"StudentAge\",\"columnComment\":\"年龄\",\"columnId\":93,\"columnName\":\"student_age\",\"columnType\":\"int(3)\",\"createBy\":\"test\",\"createTime\":\"2023-01-09 20:38:17\",\"dictType\":\"\",\"edit\":true,\"export\":true,\"htmlType\":\"input\",\"increment\":false,\"isEdit\":\"1\",\"isExport\":\"1\",\"isIncrement\":\"0\",\"isList\":\"1\",\"isPk\":\"0\",\"isQuery\":\"0\",\"isRequired\":\"0\",\"javaField\":\"studentAge\",\"javaType\":\"Integer\",\"list\":true,\"params\":{},\"pk\":false,\"query\":false,\"queryType\":\"EQ\",\"required\":false,\"sort\":3,\"superColumn\":false,\"tableId\":10,\"updateBy\":\"\",\"updateTime\":\"2023-01-10 21:18:25\",\"usableColumn\":false},{\"capJavaField\":\"StudentHobby\",\"columnComment\":\"爱好（0代码 1音乐 2电影）\",\"columnId\":94,\"columnName\":\"student_hobby\",\"columnType\":\"varchar(30)\",\"createBy\":\"test\",\"createTime\":\"2023-01-09 20:38:17\",\"dictTyp', '{\"msg\":\"操作成功\",\"code\":200}', 0, NULL, '2023-01-10 21:20:10');
INSERT INTO `sys_oper_log` VALUES (246, '代码生成', 2, 'com.ruoyi.generator.controller.GenController.editSave()', 'PUT', 1, 'admin', NULL, '/tool/gen', '127.0.0.1', '内网IP', '{\"businessName\":\"student\",\"className\":\"Student\",\"columns\":[{\"capJavaField\":\"StudentId\",\"columnComment\":\"编号\",\"columnId\":91,\"columnName\":\"student_id\",\"columnType\":\"int(11)\",\"createBy\":\"test\",\"createTime\":\"2023-01-09 20:38:17\",\"dictType\":\"\",\"edit\":false,\"export\":false,\"htmlType\":\"input\",\"increment\":true,\"isEdit\":\"0\",\"isExport\":\"0\",\"isIncrement\":\"1\",\"isList\":\"1\",\"isPk\":\"1\",\"isQuery\":\"0\",\"javaField\":\"studentId\",\"javaType\":\"Long\",\"list\":true,\"params\":{},\"pk\":true,\"query\":false,\"queryType\":\"EQ\",\"required\":false,\"sort\":1,\"superColumn\":false,\"tableId\":10,\"updateBy\":\"\",\"updateTime\":\"2023-01-10 21:20:10\",\"usableColumn\":false},{\"capJavaField\":\"StudentName\",\"columnComment\":\"学生名称\",\"columnId\":92,\"columnName\":\"student_name\",\"columnType\":\"varchar(30)\",\"createBy\":\"test\",\"createTime\":\"2023-01-09 20:38:17\",\"dictType\":\"\",\"edit\":true,\"export\":true,\"htmlType\":\"input\",\"increment\":false,\"isEdit\":\"1\",\"isExport\":\"1\",\"isIncrement\":\"0\",\"isList\":\"1\",\"isPk\":\"0\",\"isQuery\":\"1\",\"isRequired\":\"1\",\"javaField\":\"studentName\",\"javaType\":\"String\",\"list\":true,\"params\":{},\"pk\":false,\"query\":true,\"queryType\":\"LIKE\",\"required\":true,\"sort\":2,\"superColumn\":false,\"tableId\":10,\"updateBy\":\"\",\"updateTime\":\"2023-01-10 21:20:10\",\"usableColumn\":false},{\"capJavaField\":\"StudentAge\",\"columnComment\":\"年龄\",\"columnId\":93,\"columnName\":\"student_age\",\"columnType\":\"int(3)\",\"createBy\":\"test\",\"createTime\":\"2023-01-09 20:38:17\",\"dictType\":\"\",\"edit\":true,\"export\":true,\"htmlType\":\"input\",\"increment\":false,\"isEdit\":\"1\",\"isExport\":\"1\",\"isIncrement\":\"0\",\"isList\":\"1\",\"isPk\":\"0\",\"isQuery\":\"0\",\"isRequired\":\"0\",\"javaField\":\"studentAge\",\"javaType\":\"Integer\",\"list\":true,\"params\":{},\"pk\":false,\"query\":false,\"queryType\":\"EQ\",\"required\":false,\"sort\":3,\"superColumn\":false,\"tableId\":10,\"updateBy\":\"\",\"updateTime\":\"2023-01-10 21:20:10\",\"usableColumn\":false},{\"capJavaField\":\"StudentHobby\",\"columnComment\":\"爱好（0代码 1音乐 2电影）\",\"columnId\":94,\"columnName\":\"student_hobby\",\"columnType\":\"varchar(30)\",\"createBy\":\"test\",\"createTime\":\"2023-01-09 20:38:17\",\"dictTyp', '{\"msg\":\"操作成功\",\"code\":200}', 0, NULL, '2023-01-10 21:25:51');
INSERT INTO `sys_oper_log` VALUES (247, '代码生成', 2, 'com.ruoyi.generator.controller.GenController.synchDb()', 'GET', 1, 'admin', NULL, '/tool/gen/synchDb/sys_student', '127.0.0.1', '内网IP', '{}', '{\"msg\":\"操作成功\",\"code\":200}', 0, NULL, '2023-01-10 21:33:05');
INSERT INTO `sys_oper_log` VALUES (248, '代码生成', 6, 'com.ruoyi.generator.controller.GenController.importTableSave()', 'POST', 1, 'admin', NULL, '/tool/gen/importTable', '127.0.0.1', '内网IP', '\"test_student\"', '{\"msg\":\"操作成功\",\"code\":200}', 0, NULL, '2023-01-10 21:34:57');
INSERT INTO `sys_oper_log` VALUES (249, '代码生成', 2, 'com.ruoyi.generator.controller.GenController.editSave()', 'PUT', 1, 'admin', NULL, '/tool/gen', '127.0.0.1', '内网IP', '{\"businessName\":\"student\",\"className\":\"TestStudent\",\"columns\":[{\"capJavaField\":\"Id\",\"columnComment\":\"编号\",\"columnId\":104,\"columnName\":\"id\",\"columnType\":\"int(11)\",\"createBy\":\"admin\",\"createTime\":\"2023-01-10 21:34:57\",\"dictType\":\"\",\"edit\":false,\"export\":true,\"htmlType\":\"input\",\"increment\":true,\"isExport\":\"1\",\"isIncrement\":\"1\",\"isList\":\"1\",\"isPk\":\"1\",\"javaField\":\"id\",\"javaType\":\"Long\",\"list\":true,\"params\":{},\"pk\":true,\"query\":false,\"queryType\":\"EQ\",\"required\":false,\"sort\":1,\"superColumn\":false,\"tableId\":11,\"updateBy\":\"\",\"usableColumn\":false},{\"capJavaField\":\"StudentName\",\"columnComment\":\"学生名称\",\"columnId\":105,\"columnName\":\"student_name\",\"columnType\":\"varchar(30)\",\"createBy\":\"admin\",\"createTime\":\"2023-01-10 21:34:57\",\"dictType\":\"\",\"edit\":true,\"export\":true,\"htmlType\":\"input\",\"increment\":false,\"isEdit\":\"1\",\"isExport\":\"1\",\"isIncrement\":\"0\",\"isList\":\"1\",\"isPk\":\"0\",\"isQuery\":\"1\",\"isRequired\":\"1\",\"javaField\":\"studentName\",\"javaType\":\"String\",\"list\":true,\"params\":{},\"pk\":false,\"query\":true,\"queryType\":\"LIKE\",\"required\":true,\"sort\":2,\"superColumn\":false,\"tableId\":11,\"updateBy\":\"\",\"usableColumn\":false},{\"capJavaField\":\"StudentAge\",\"columnComment\":\"年龄\",\"columnId\":106,\"columnName\":\"student_age\",\"columnType\":\"int(3)\",\"createBy\":\"admin\",\"createTime\":\"2023-01-10 21:34:57\",\"dictType\":\"\",\"edit\":true,\"export\":true,\"htmlType\":\"input\",\"increment\":false,\"isEdit\":\"1\",\"isExport\":\"1\",\"isIncrement\":\"0\",\"isList\":\"1\",\"isPk\":\"0\",\"isQuery\":\"0\",\"javaField\":\"studentAge\",\"javaType\":\"Integer\",\"list\":true,\"params\":{},\"pk\":false,\"query\":false,\"queryType\":\"EQ\",\"required\":false,\"sort\":3,\"superColumn\":false,\"tableId\":11,\"updateBy\":\"\",\"usableColumn\":false},{\"capJavaField\":\"StudentHobby\",\"columnComment\":\"爱好（0代码 1音乐 2电影）\",\"columnId\":107,\"columnName\":\"student_hobby\",\"columnType\":\"tinyint(1)\",\"createBy\":\"admin\",\"createTime\":\"2023-01-10 21:34:57\",\"dictType\":\"\",\"edit\":true,\"export\":true,\"htmlType\":\"select\",\"increment\":false,\"isEdit\":\"1\",\"isExport\":\"1\",\"isIncrement\":\"0\",\"isList\":\"1\",\"isPk\":\"0\",\"isQuery\":\"1\",\"javaFi', '{\"msg\":\"操作成功\",\"code\":200}', 0, NULL, '2023-01-10 21:37:44');
INSERT INTO `sys_oper_log` VALUES (250, '代码生成', 8, 'com.ruoyi.generator.controller.GenController.genCode()', 'GET', 1, 'admin', NULL, '/tool/gen/genCode/test_student', '127.0.0.1', '内网IP', '{}', '{\"msg\":\"操作成功\",\"code\":200}', 0, NULL, '2023-01-10 21:38:01');
INSERT INTO `sys_oper_log` VALUES (251, '代码生成', 2, 'com.ruoyi.generator.controller.GenController.editSave()', 'PUT', 1, 'admin', NULL, '/tool/gen', '127.0.0.1', '内网IP', '{\"businessName\":\"student\",\"className\":\"TestStudent\",\"columns\":[{\"capJavaField\":\"Id\",\"columnComment\":\"编号\",\"columnId\":104,\"columnName\":\"id\",\"columnType\":\"int(11)\",\"createBy\":\"admin\",\"createTime\":\"2023-01-10 21:34:57\",\"dictType\":\"\",\"edit\":false,\"export\":true,\"htmlType\":\"input\",\"increment\":true,\"isExport\":\"1\",\"isIncrement\":\"1\",\"isList\":\"1\",\"isPk\":\"1\",\"javaField\":\"id\",\"javaType\":\"Long\",\"list\":true,\"params\":{},\"pk\":true,\"query\":false,\"queryType\":\"EQ\",\"required\":false,\"sort\":1,\"superColumn\":false,\"tableId\":11,\"updateBy\":\"\",\"updateTime\":\"2023-01-10 21:37:44\",\"usableColumn\":false},{\"capJavaField\":\"StudentName\",\"columnComment\":\"学生名称\",\"columnId\":105,\"columnName\":\"student_name\",\"columnType\":\"varchar(30)\",\"createBy\":\"admin\",\"createTime\":\"2023-01-10 21:34:57\",\"dictType\":\"\",\"edit\":true,\"export\":true,\"htmlType\":\"input\",\"increment\":false,\"isEdit\":\"1\",\"isExport\":\"1\",\"isIncrement\":\"0\",\"isList\":\"1\",\"isPk\":\"0\",\"isQuery\":\"1\",\"isRequired\":\"1\",\"javaField\":\"studentName\",\"javaType\":\"String\",\"list\":true,\"params\":{},\"pk\":false,\"query\":true,\"queryType\":\"LIKE\",\"required\":true,\"sort\":2,\"superColumn\":false,\"tableId\":11,\"updateBy\":\"\",\"updateTime\":\"2023-01-10 21:37:44\",\"usableColumn\":false},{\"capJavaField\":\"StudentAge\",\"columnComment\":\"年龄\",\"columnId\":106,\"columnName\":\"student_age\",\"columnType\":\"int(3)\",\"createBy\":\"admin\",\"createTime\":\"2023-01-10 21:34:57\",\"dictType\":\"\",\"edit\":true,\"export\":true,\"htmlType\":\"input\",\"increment\":false,\"isEdit\":\"1\",\"isExport\":\"1\",\"isIncrement\":\"0\",\"isList\":\"1\",\"isPk\":\"0\",\"isQuery\":\"0\",\"javaField\":\"studentAge\",\"javaType\":\"Integer\",\"list\":true,\"params\":{},\"pk\":false,\"query\":false,\"queryType\":\"EQ\",\"required\":false,\"sort\":3,\"superColumn\":false,\"tableId\":11,\"updateBy\":\"\",\"updateTime\":\"2023-01-10 21:37:44\",\"usableColumn\":false},{\"capJavaField\":\"StudentHobby\",\"columnComment\":\"爱好（0代码 1音乐 2电影）\",\"columnId\":107,\"columnName\":\"student_hobby\",\"columnType\":\"tinyint(1)\",\"createBy\":\"admin\",\"createTime\":\"2023-01-10 21:34:57\",\"dictType\":\"\",\"edit\":true,\"export\":true,\"htmlType\":\"select\",\"inc', '{\"msg\":\"操作成功\",\"code\":200}', 0, NULL, '2023-01-10 21:42:17');
INSERT INTO `sys_oper_log` VALUES (252, '代码生成', 8, 'com.ruoyi.generator.controller.GenController.genCode()', 'GET', 1, 'admin', NULL, '/tool/gen/genCode/test_student', '127.0.0.1', '内网IP', '{}', '{\"msg\":\"操作成功\",\"code\":200}', 0, NULL, '2023-01-10 21:42:18');
INSERT INTO `sys_oper_log` VALUES (253, '代码生成', 8, 'com.ruoyi.generator.controller.GenController.genCode()', 'GET', 1, 'admin', NULL, '/tool/gen/genCode/test_student', '127.0.0.1', '内网IP', '{}', '{\"msg\":\"操作成功\",\"code\":200}', 0, NULL, '2023-01-10 21:44:00');
INSERT INTO `sys_oper_log` VALUES (254, '学生信息', 2, 'com.ruoyi.admin.test.controller.TestStudentController.update()', 'PUT', 1, 'admin', NULL, '/test/testStudent/3', '127.0.0.1', '内网IP', '3 {\"studentAge\":1,\"studentBirthday\":\"2023-01-10 00:00:00\",\"studentName\":\"1\",\"studentSex\":0,\"studentStatus\":0}', '{\"code\":200,\"message\":\"操作成功\"}', 0, NULL, '2023-01-10 21:58:04');
INSERT INTO `sys_oper_log` VALUES (255, '学生信息', 5, 'com.ruoyi.admin.test.controller.TestStudentController.export()', 'POST', 1, 'admin', NULL, '/test/testStudent/export', '127.0.0.1', '内网IP', '{}', NULL, 0, NULL, '2023-01-10 21:59:27');
INSERT INTO `sys_oper_log` VALUES (256, '学生信息', 2, 'com.ruoyi.admin.test.controller.TestStudentController.update()', 'PUT', 1, 'admin', NULL, '/test/testStudent/1', '127.0.0.1', '内网IP', '1 {\"studentAge\":12,\"studentBirthday\":\"2023-01-06 00:00:00\",\"studentName\":\"张三22\",\"studentSex\":1,\"studentStatus\":1}', '{\"code\":200,\"message\":\"操作成功\"}', 0, NULL, '2023-01-10 22:10:24');
INSERT INTO `sys_oper_log` VALUES (257, '代码生成', 8, 'com.ruoyi.generator.controller.GenController.genCode()', 'GET', 1, 'admin', NULL, '/tool/gen/genCode/test_student', '127.0.0.1', '内网IP', '{}', '{\"msg\":\"操作成功\",\"code\":200}', 0, NULL, '2023-01-10 22:18:55');
INSERT INTO `sys_oper_log` VALUES (258, '角色管理', 2, 'com.ruoyi.web.controller.system.SysRoleController.edit()', 'PUT', 1, 'admin', NULL, '/system/role', '127.0.0.1', '内网IP', '{\"admin\":false,\"createTime\":\"2023-01-05 20:54:08\",\"dataScope\":\"3\",\"delFlag\":\"0\",\"deptCheckStrictly\":false,\"flag\":false,\"menuCheckStrictly\":true,\"menuIds\":[2012,2025,1,100,1000,1001,1002,1003,1004,1005,1006,101,1007,1008,1009,1010,1011,102,1012,1013,1014,1015,103,1016,1017,1018,1019,104,1020,1021,1022,1023,1024,105,1025,1026,1027,1028,1029,106,1030,1031,1032,1033,1034,107,1035,1036,1037,1038,108,500,1039,1040,1041,501,1042,1043,1044,1045,2,109,1046,1047,1048,110,1049,1050,1051,1052,1053,1054,111,112,113,114,3,115,116,1055,1056,1057,1058,1059,1060,117,2026],\"params\":{},\"remark\":\"普通角色\",\"roleId\":2,\"roleKey\":\"common\",\"roleName\":\"普通角色\",\"roleSort\":2,\"status\":\"0\",\"updateBy\":\"admin\"}', '{\"msg\":\"操作成功\",\"code\":200}', 0, NULL, '2023-01-10 22:42:43');
INSERT INTO `sys_oper_log` VALUES (259, '角色管理', 2, 'com.ruoyi.web.controller.system.SysRoleController.edit()', 'PUT', 1, 'admin', NULL, '/system/role', '127.0.0.1', '内网IP', '{\"admin\":false,\"createTime\":\"2023-01-05 20:54:08\",\"dataScope\":\"3\",\"delFlag\":\"0\",\"deptCheckStrictly\":false,\"flag\":false,\"menuCheckStrictly\":true,\"menuIds\":[2012,2025,1,100,1000,1001,1002,1003,1004,1005,1006,101,1007,1008,1009,1010,1011,102,1012,1013,1014,1015,103,1016,1017,1018,1019,104,1020,1021,1022,1023,1024,105,1025,1026,1027,1028,1029,106,1030,1031,1032,1033,1034,107,1035,1036,1037,1038,108,500,1039,1040,1041,501,1042,1043,1044,1045,2,109,1046,1047,1048,110,1049,1050,1051,1052,1053,1054,111,112,113,114,3,115,116,1055,1056,1057,1058,1059,1060,117,2026,2027],\"params\":{},\"remark\":\"普通角色\",\"roleId\":2,\"roleKey\":\"common\",\"roleName\":\"普通角色\",\"roleSort\":2,\"status\":\"0\",\"updateBy\":\"admin\"}', '{\"msg\":\"操作成功\",\"code\":200}', 0, NULL, '2023-01-10 22:43:36');
INSERT INTO `sys_oper_log` VALUES (260, '学生信息', 1, 'com.ruoyi.admin.test.controller.TestStudentController.save()', 'POST', 1, 'test', NULL, '/test/testStudent', '127.0.0.1', '内网IP', '{\"studentName\":\"1\",\"studentSex\":0,\"studentStatus\":0}', '{\"code\":200,\"message\":\"操作成功\"}', 0, NULL, '2023-01-10 22:44:08');
INSERT INTO `sys_oper_log` VALUES (261, '角色管理', 2, 'com.ruoyi.web.controller.system.SysRoleController.edit()', 'PUT', 1, 'admin', NULL, '/system/role', '127.0.0.1', '内网IP', '{\"admin\":false,\"createTime\":\"2023-01-05 20:54:08\",\"dataScope\":\"3\",\"delFlag\":\"0\",\"deptCheckStrictly\":false,\"flag\":false,\"menuCheckStrictly\":true,\"menuIds\":[1,100,1000,1001,1002,1003,1004,1005,1006,101,1007,1008,1009,1010,1011,102,1012,1013,1014,1015,103,1016,1017,1018,1019,104,1020,1021,1022,1023,1024,105,1025,1026,1027,1028,1029,106,1030,1031,1032,1033,1034,107,1035,1036,1037,1038,108,500,1039,1040,1041,501,1042,1043,1044,1045,2,109,1046,1047,1048,110,1049,1050,1051,1052,1053,1054,111,112,113,114,3,115,116,1055,1056,1057,1058,1059,1060,117,2012,2025,2026,2027,2028,2029,2030],\"params\":{},\"remark\":\"普通角色\",\"roleId\":2,\"roleKey\":\"common\",\"roleName\":\"普通角色\",\"roleSort\":2,\"status\":\"0\",\"updateBy\":\"admin\"}', '{\"msg\":\"操作成功\",\"code\":200}', 0, NULL, '2023-01-10 22:44:23');
INSERT INTO `sys_oper_log` VALUES (262, '学生信息', 2, 'com.ruoyi.admin.test.controller.TestStudentController.update()', 'PUT', 1, 'test', NULL, '/test/testStudent/5', '127.0.0.1', '内网IP', '5 {\"studentName\":\"12\",\"studentSex\":0,\"studentStatus\":0}', '{\"code\":200,\"message\":\"操作成功\"}', 0, NULL, '2023-01-10 22:45:03');
INSERT INTO `sys_oper_log` VALUES (263, '学生信息', 3, 'com.ruoyi.admin.test.controller.TestStudentController.remove()', 'DELETE', 1, 'test', NULL, '/test/testStudent/3', '127.0.0.1', '内网IP', '{}', '{\"code\":200,\"message\":\"操作成功\"}', 0, NULL, '2023-01-10 22:45:10');
INSERT INTO `sys_oper_log` VALUES (264, '学生信息', 5, 'com.ruoyi.admin.test.controller.TestStudentController.export()', 'POST', 1, 'test', NULL, '/test/testStudent/export', '127.0.0.1', '内网IP', '{}', NULL, 0, NULL, '2023-01-10 22:45:11');
INSERT INTO `sys_oper_log` VALUES (265, '代码生成', 6, 'com.ruoyi.generator.controller.GenController.importTableSave()', 'POST', 1, 'admin', NULL, '/tool/gen/importTable', '127.0.0.1', '内网IP', '\"sys_job\"', '{\"msg\":\"操作成功\",\"code\":200}', 0, NULL, '2023-01-10 22:48:19');
INSERT INTO `sys_oper_log` VALUES (266, '代码生成', 3, 'com.ruoyi.generator.controller.GenController.remove()', 'DELETE', 1, 'admin', NULL, '/tool/gen/12', '127.0.0.1', '内网IP', '{}', '{\"msg\":\"操作成功\",\"code\":200}', 0, NULL, '2023-01-10 22:51:28');
INSERT INTO `sys_oper_log` VALUES (267, '代码生成', 3, 'com.ruoyi.generator.controller.GenController.remove()', 'DELETE', 1, 'admin', NULL, '/tool/gen/10', '127.0.0.1', '内网IP', '{}', '{\"msg\":\"操作成功\",\"code\":200}', 0, NULL, '2023-01-10 22:51:32');
INSERT INTO `sys_oper_log` VALUES (268, '代码生成', 3, 'com.ruoyi.generator.controller.GenController.remove()', 'DELETE', 1, 'admin', NULL, '/tool/gen/8', '127.0.0.1', '内网IP', '{}', '{\"msg\":\"操作成功\",\"code\":200}', 0, NULL, '2023-01-10 22:52:04');
INSERT INTO `sys_oper_log` VALUES (269, '菜单管理', 2, 'com.ruoyi.web.controller.system.SysMenuController.edit()', 'PUT', 1, 'admin', NULL, '/system/menu', '127.0.0.1', '内网IP', '{\"children\":[],\"createTime\":\"2023-01-10 20:44:12\",\"icon\":\"table\",\"isCache\":\"0\",\"isFrame\":\"1\",\"menuId\":2012,\"menuName\":\"测试\",\"menuType\":\"M\",\"orderNum\":0,\"params\":{},\"parentId\":0,\"path\":\"test\",\"perms\":\"\",\"status\":\"0\",\"updateBy\":\"admin\",\"visible\":\"0\"}', '{\"msg\":\"操作成功\",\"code\":200}', 0, NULL, '2023-01-10 22:57:28');
INSERT INTO `sys_oper_log` VALUES (270, '菜单管理', 2, 'com.ruoyi.web.controller.system.SysMenuController.edit()', 'PUT', 1, 'admin', NULL, '/system/menu', '127.0.0.1', '内网IP', '{\"children\":[],\"createTime\":\"2023-01-10 20:44:12\",\"icon\":\"table\",\"isCache\":\"0\",\"isFrame\":\"1\",\"menuId\":2012,\"menuName\":\"测试\",\"menuType\":\"M\",\"orderNum\":4,\"params\":{},\"parentId\":0,\"path\":\"test\",\"perms\":\"\",\"status\":\"0\",\"updateBy\":\"admin\",\"visible\":\"0\"}', '{\"msg\":\"操作成功\",\"code\":200}', 0, NULL, '2023-01-10 22:57:55');
INSERT INTO `sys_oper_log` VALUES (271, '菜单管理', 2, 'com.ruoyi.web.controller.system.SysMenuController.edit()', 'PUT', 1, 'admin', NULL, '/system/menu', '127.0.0.1', '内网IP', '{\"children\":[],\"component\":\"test/testStudent/index\",\"createTime\":\"2023-01-10 22:42:16\",\"icon\":\"user\",\"isCache\":\"0\",\"isFrame\":\"1\",\"menuId\":2025,\"menuName\":\"学生信息\",\"menuType\":\"C\",\"orderNum\":1,\"params\":{},\"parentId\":2012,\"path\":\"testStudent\",\"perms\":\"test:testStudent:query\",\"status\":\"0\",\"updateBy\":\"admin\",\"visible\":\"0\"}', '{\"msg\":\"操作成功\",\"code\":200}', 0, NULL, '2023-01-10 22:58:11');
INSERT INTO `sys_oper_log` VALUES (272, '代码生成', 2, 'com.ruoyi.generator.controller.GenController.editSave()', 'PUT', 1, 'admin', NULL, '/tool/gen', '127.0.0.1', '内网IP', '{\"businessName\":\"student\",\"className\":\"TestStudent\",\"columns\":[{\"capJavaField\":\"Id\",\"columnComment\":\"编号\",\"columnId\":104,\"columnName\":\"id\",\"columnType\":\"int(11)\",\"createBy\":\"admin\",\"createTime\":\"2023-01-10 21:34:57\",\"dictType\":\"\",\"edit\":false,\"export\":true,\"htmlType\":\"input\",\"increment\":true,\"isExport\":\"1\",\"isIncrement\":\"1\",\"isList\":\"1\",\"isPk\":\"1\",\"javaField\":\"id\",\"javaType\":\"Long\",\"list\":true,\"params\":{},\"pk\":true,\"query\":false,\"queryType\":\"EQ\",\"required\":false,\"sort\":1,\"superColumn\":false,\"tableId\":11,\"updateBy\":\"\",\"updateTime\":\"2023-01-10 21:42:16\",\"usableColumn\":false},{\"capJavaField\":\"StudentName\",\"columnComment\":\"学生名称\",\"columnId\":105,\"columnName\":\"student_name\",\"columnType\":\"varchar(30)\",\"createBy\":\"admin\",\"createTime\":\"2023-01-10 21:34:57\",\"dictType\":\"\",\"edit\":true,\"export\":true,\"htmlType\":\"input\",\"increment\":false,\"isEdit\":\"1\",\"isExport\":\"1\",\"isIncrement\":\"0\",\"isList\":\"1\",\"isPk\":\"0\",\"isQuery\":\"0\",\"isRequired\":\"1\",\"javaField\":\"studentName\",\"javaType\":\"String\",\"list\":true,\"params\":{},\"pk\":false,\"query\":false,\"queryType\":\"LIKE\",\"required\":true,\"sort\":2,\"superColumn\":false,\"tableId\":11,\"updateBy\":\"\",\"updateTime\":\"2023-01-10 21:42:16\",\"usableColumn\":false},{\"capJavaField\":\"StudentAge\",\"columnComment\":\"年龄\",\"columnId\":106,\"columnName\":\"student_age\",\"columnType\":\"int(3)\",\"createBy\":\"admin\",\"createTime\":\"2023-01-10 21:34:57\",\"dictType\":\"\",\"edit\":true,\"export\":true,\"htmlType\":\"input\",\"increment\":false,\"isEdit\":\"1\",\"isExport\":\"1\",\"isIncrement\":\"0\",\"isList\":\"1\",\"isPk\":\"0\",\"isQuery\":\"0\",\"javaField\":\"studentAge\",\"javaType\":\"Integer\",\"list\":true,\"params\":{},\"pk\":false,\"query\":false,\"queryType\":\"EQ\",\"required\":false,\"sort\":3,\"superColumn\":false,\"tableId\":11,\"updateBy\":\"\",\"updateTime\":\"2023-01-10 21:42:16\",\"usableColumn\":false},{\"capJavaField\":\"StudentHobby\",\"columnComment\":\"爱好（0代码 1音乐 2电影）\",\"columnId\":107,\"columnName\":\"student_hobby\",\"columnType\":\"tinyint(1)\",\"createBy\":\"admin\",\"createTime\":\"2023-01-10 21:34:57\",\"dictType\":\"\",\"edit\":true,\"export\":true,\"htmlType\":\"select\",\"in', '{\"msg\":\"操作成功\",\"code\":200}', 0, NULL, '2023-01-10 23:00:31');
INSERT INTO `sys_oper_log` VALUES (273, '参数管理', 3, 'com.ruoyi.web.controller.system.SysConfigController.remove()', 'DELETE', 1, 'admin', NULL, '/system/config/1', '127.0.0.1', '内网IP', '{}', NULL, 1, '内置参数【sys.index.skinName】不能删除 ', '2023-02-01 21:07:14');
INSERT INTO `sys_oper_log` VALUES (274, '代码生成', 8, 'com.ruoyi.generator.controller.GenController.genCode()', 'GET', 1, 'admin', NULL, '/tool/gen/genCode/test_student', '127.0.0.1', '内网IP', '{}', '{\"msg\":\"操作成功\",\"code\":200}', 0, NULL, '2023-02-06 20:34:00');
INSERT INTO `sys_oper_log` VALUES (275, '代码生成', 8, 'com.ruoyi.generator.controller.GenController.genCode()', 'GET', 1, 'admin', NULL, '/tool/gen/genCode/test_student', '127.0.0.1', '内网IP', '{}', '{\"msg\":\"操作成功\",\"code\":200}', 0, NULL, '2023-02-06 20:35:58');
INSERT INTO `sys_oper_log` VALUES (276, '代码生成', 8, 'com.ruoyi.generator.controller.GenController.genCode()', 'GET', 1, 'admin', NULL, '/tool/gen/genCode/test_student', '127.0.0.1', '内网IP', '{}', '{\"msg\":\"操作成功\",\"code\":200}', 0, NULL, '2023-02-06 20:38:18');
INSERT INTO `sys_oper_log` VALUES (277, '代码生成', 2, 'com.ruoyi.generator.controller.GenController.synchDb()', 'GET', 1, 'admin', NULL, '/tool/gen/synchDb/test_student', '127.0.0.1', '内网IP', '{}', '{\"msg\":\"操作成功\",\"code\":200}', 0, NULL, '2023-02-06 20:38:43');
INSERT INTO `sys_oper_log` VALUES (278, '代码生成', 2, 'com.ruoyi.generator.controller.GenController.synchDb()', 'GET', 1, 'admin', NULL, '/tool/gen/synchDb/test_student', '127.0.0.1', '内网IP', '{}', '{\"msg\":\"操作成功\",\"code\":200}', 0, NULL, '2023-02-06 20:38:58');
INSERT INTO `sys_oper_log` VALUES (279, '代码生成', 8, 'com.ruoyi.generator.controller.GenController.genCode()', 'GET', 1, 'admin', NULL, '/tool/gen/genCode/test_student', '127.0.0.1', '内网IP', '{}', '{\"msg\":\"操作成功\",\"code\":200}', 0, NULL, '2023-02-06 20:39:33');
INSERT INTO `sys_oper_log` VALUES (280, '代码生成', 6, 'com.ruoyi.generator.controller.GenController.importTableSave()', 'POST', 1, 'admin', NULL, '/tool/gen/importTable', '127.0.0.1', '内网IP', '\"sys_config\"', '{\"msg\":\"操作成功\",\"code\":200}', 0, NULL, '2023-02-06 20:42:49');
INSERT INTO `sys_oper_log` VALUES (281, '代码生成', 3, 'com.ruoyi.generator.controller.GenController.remove()', 'DELETE', 1, 'admin', NULL, '/tool/gen/12', '127.0.0.1', '内网IP', '{}', '{\"msg\":\"操作成功\",\"code\":200}', 0, NULL, '2023-02-06 20:43:00');
INSERT INTO `sys_oper_log` VALUES (282, '学生信息', 2, 'com.ruoyi.admin.test.controller.TestStudentController.update()', 'PUT', 1, 'admin', NULL, '/test/testStudent/5', '127.0.0.1', '内网IP', '5 {\"studentAge\":1,\"studentName\":\"12\",\"studentSex\":0,\"studentStatus\":0}', '{\"code\":200,\"message\":\"操作成功\"}', 0, NULL, '2023-02-06 20:46:28');
INSERT INTO `sys_oper_log` VALUES (283, '学生信息', 2, 'com.ruoyi.admin.test.controller.TestStudentController.update()', 'PUT', 1, 'admin', NULL, '/test/testStudent/5', '127.0.0.1', '内网IP', '5 {\"studentAge\":2,\"studentName\":\"12\",\"studentSex\":0,\"studentStatus\":0}', '{\"code\":200,\"message\":\"操作成功\"}', 0, NULL, '2023-02-06 20:47:08');
INSERT INTO `sys_oper_log` VALUES (284, '学生信息', 2, 'com.ruoyi.admin.test.controller.TestStudentController.update()', 'PUT', 1, 'admin', NULL, '/test/testStudent/5', '127.0.0.1', '内网IP', '5 {\"studentAge\":3,\"studentName\":\"12\",\"studentSex\":0,\"studentStatus\":0}', '{\"code\":200,\"message\":\"操作成功\"}', 0, NULL, '2023-02-06 20:48:28');
INSERT INTO `sys_oper_log` VALUES (285, '学生信息', 1, 'com.ruoyi.admin.test.controller.TestStudentController.save()', 'POST', 1, 'admin', NULL, '/test/testStudent', '127.0.0.1', '内网IP', '{\"studentAge\":22,\"studentName\":\"1231\",\"studentSex\":0,\"studentStatus\":0}', '{\"code\":200,\"message\":\"操作成功\"}', 0, NULL, '2023-02-06 20:48:43');
INSERT INTO `sys_oper_log` VALUES (286, '学生信息', 2, 'com.ruoyi.admin.test.controller.TestStudentController.update()', 'PUT', 1, 'admin', NULL, '/test/testStudent/6', '127.0.0.1', '内网IP', '6 {\"studentAge\":23,\"studentName\":\"1231\",\"studentSex\":0,\"studentStatus\":0}', '{\"code\":200,\"message\":\"操作成功\"}', 0, NULL, '2023-02-06 20:49:07');
INSERT INTO `sys_oper_log` VALUES (287, '用户管理', 2, 'com.ruoyi.web.controller.system.SysUserController.edit()', 'PUT', 1, 'admin', NULL, '/system/user', '127.0.0.1', '内网IP', '{\"admin\":false,\"avatar\":\"\",\"createBy\":\"admin\",\"createTime\":\"2023-01-05 22:44:59\",\"delFlag\":\"0\",\"dept\":{\"ancestors\":\"0,100,101\",\"children\":[],\"deptId\":105,\"deptName\":\"测试部门\",\"leader\":\"若依\",\"orderNum\":3,\"params\":{},\"parentId\":101,\"status\":\"0\"},\"deptId\":105,\"email\":\"\",\"loginDate\":\"2023-01-10 22:44:49\",\"loginIp\":\"127.0.0.1\",\"nickName\":\"测试\",\"params\":{},\"phonenumber\":\"\",\"postIds\":[],\"roleIds\":[2],\"roles\":[{\"admin\":false,\"dataScope\":\"3\",\"deptCheckStrictly\":false,\"flag\":false,\"menuCheckStrictly\":false,\"params\":{},\"roleId\":2,\"roleKey\":\"common\",\"roleName\":\"普通角色\",\"roleSort\":2,\"status\":\"0\"}],\"sex\":\"0\",\"status\":\"1\",\"updateBy\":\"admin\",\"userId\":101,\"userName\":\"test\"}', '{\"msg\":\"操作成功\",\"code\":200}', 0, NULL, '2023-02-06 22:08:55');
INSERT INTO `sys_oper_log` VALUES (288, '参数管理', 3, 'com.ruoyi.web.controller.system.SysConfigController.remove()', 'DELETE', 1, 'admin', NULL, '/system/config/1', '127.0.0.1', '内网IP', '{}', NULL, 1, '内置参数【sys.index.skinName】不能删除 ', '2023-02-06 22:42:25');
INSERT INTO `sys_oper_log` VALUES (289, '参数管理', 3, 'com.ruoyi.web.controller.system.SysConfigController.remove()', 'DELETE', 1, 'admin', NULL, '/system/config/1', '127.0.0.1', '内网IP', '{}', NULL, 1, '内置参数【sys.index.skinName】不能删除', '2023-02-06 22:45:17');
INSERT INTO `sys_oper_log` VALUES (290, '参数管理', 3, 'com.ruoyi.web.controller.system.SysConfigController.remove()', 'DELETE', 1, 'admin', NULL, '/system/config/1', '127.0.0.1', '内网IP', '{}', NULL, 1, '内置参数【sys.index.skinName】不能删除1', '2023-02-06 22:45:31');
INSERT INTO `sys_oper_log` VALUES (291, '角色管理', 2, 'com.ruoyi.web.controller.system.SysRoleController.changeStatus()', 'PUT', 1, 'admin', NULL, '/system/role/changeStatus', '127.0.0.1', '内网IP', '{\"admin\":true,\"deptCheckStrictly\":false,\"flag\":false,\"menuCheckStrictly\":false,\"params\":{},\"roleId\":1,\"status\":\"1\"}', NULL, 1, '不允许操作超级管理员角色', '2023-02-06 22:58:35');
INSERT INTO `sys_oper_log` VALUES (292, '角色管理', 2, 'com.ruoyi.web.controller.system.SysRoleController.changeStatus()', 'PUT', 1, 'admin', NULL, '/system/role/changeStatus', '127.0.0.1', '内网IP', '{\"admin\":false,\"deptCheckStrictly\":false,\"flag\":false,\"menuCheckStrictly\":false,\"params\":{},\"roleId\":2,\"status\":\"1\",\"updateBy\":\"admin\"}', '{\"msg\":\"操作成功\",\"code\":200}', 0, NULL, '2023-02-06 22:58:39');
INSERT INTO `sys_oper_log` VALUES (293, '角色管理', 2, 'com.ruoyi.web.controller.system.SysRoleController.changeStatus()', 'PUT', 1, 'admin', NULL, '/system/role/changeStatus', '127.0.0.1', '内网IP', '{\"admin\":false,\"deptCheckStrictly\":false,\"flag\":false,\"menuCheckStrictly\":false,\"params\":{},\"roleId\":2,\"status\":\"0\",\"updateBy\":\"admin\"}', '{\"msg\":\"操作成功\",\"code\":200}', 0, NULL, '2023-02-06 23:00:34');
INSERT INTO `sys_oper_log` VALUES (294, '角色管理', 2, 'com.ruoyi.web.controller.system.SysRoleController.changeStatus()', 'PUT', 1, 'admin', NULL, '/system/role/changeStatus', '127.0.0.1', '内网IP', '{\"admin\":true,\"deptCheckStrictly\":false,\"flag\":false,\"menuCheckStrictly\":false,\"params\":{},\"roleId\":1,\"status\":\"1\"}', NULL, 1, '不允许操作超级管理员角色', '2023-02-06 23:02:18');
INSERT INTO `sys_oper_log` VALUES (295, '角色管理', 2, 'com.ruoyi.web.controller.system.SysRoleController.changeStatus()', 'PUT', 1, 'admin', NULL, '/system/role/changeStatus', '127.0.0.1', '内网IP', '{\"admin\":true,\"deptCheckStrictly\":false,\"flag\":false,\"menuCheckStrictly\":false,\"params\":{},\"roleId\":1,\"status\":\"1\"}', NULL, 1, 'The super administrator role is not allowed', '2023-02-06 23:02:21');
INSERT INTO `sys_oper_log` VALUES (296, '角色管理', 2, 'com.ruoyi.web.controller.system.SysRoleController.changeStatus()', 'PUT', 1, 'admin', NULL, '/system/role/changeStatus', '127.0.0.1', '内网IP', '{\"admin\":true,\"deptCheckStrictly\":false,\"flag\":false,\"menuCheckStrictly\":false,\"params\":{},\"roleId\":1,\"status\":\"1\"}', NULL, 1, 'The super administrator role is not allowed', '2023-02-06 23:02:24');
INSERT INTO `sys_oper_log` VALUES (297, '角色管理', 2, 'com.ruoyi.web.controller.system.SysRoleController.changeStatus()', 'PUT', 1, 'admin', NULL, '/system/role/changeStatus', '127.0.0.1', '内网IP', '{\"admin\":true,\"deptCheckStrictly\":false,\"flag\":false,\"menuCheckStrictly\":false,\"params\":{},\"roleId\":1,\"status\":\"1\"}', NULL, 1, 'The super administrator role is not allowed', '2023-02-06 23:02:33');
INSERT INTO `sys_oper_log` VALUES (298, '角色管理', 2, 'com.ruoyi.web.controller.system.SysRoleController.changeStatus()', 'PUT', 1, 'admin', NULL, '/system/role/changeStatus', '127.0.0.1', '内网IP', '{\"admin\":true,\"deptCheckStrictly\":false,\"flag\":false,\"menuCheckStrictly\":false,\"params\":{},\"roleId\":1,\"status\":\"1\"}', NULL, 1, '不允许操作超级管理员角色', '2023-02-06 23:02:46');
INSERT INTO `sys_oper_log` VALUES (299, '角色管理', 2, 'com.ruoyi.web.controller.system.SysRoleController.changeStatus()', 'PUT', 1, 'admin', NULL, '/system/role/changeStatus', '127.0.0.1', '内网IP', '{\"admin\":true,\"deptCheckStrictly\":false,\"flag\":false,\"menuCheckStrictly\":false,\"params\":{},\"roleId\":1,\"status\":\"1\"}', NULL, 1, '不允许操作超级管理员角色', '2023-02-06 23:02:49');
INSERT INTO `sys_oper_log` VALUES (300, '角色管理', 2, 'com.ruoyi.web.controller.system.SysRoleController.changeStatus()', 'PUT', 1, 'admin', NULL, '/system/role/changeStatus', '127.0.0.1', '内网IP', '{\"admin\":true,\"deptCheckStrictly\":false,\"flag\":false,\"menuCheckStrictly\":false,\"params\":{},\"roleId\":1,\"status\":\"1\"}', NULL, 1, '不允许操作超级管理员角色', '2023-02-06 23:02:54');
INSERT INTO `sys_oper_log` VALUES (301, '角色管理', 2, 'com.ruoyi.web.controller.system.SysRoleController.changeStatus()', 'PUT', 1, 'admin', NULL, '/system/role/changeStatus', '127.0.0.1', '内网IP', '{\"admin\":true,\"deptCheckStrictly\":false,\"flag\":false,\"menuCheckStrictly\":false,\"params\":{},\"roleId\":1,\"status\":\"1\"}', NULL, 1, '不允许操作超级管理员角色', '2023-02-06 23:02:56');
INSERT INTO `sys_oper_log` VALUES (302, '角色管理', 2, 'com.ruoyi.web.controller.system.SysRoleController.changeStatus()', 'PUT', 1, 'admin', NULL, '/system/role/changeStatus', '127.0.0.1', '内网IP', '{\"admin\":true,\"deptCheckStrictly\":false,\"flag\":false,\"menuCheckStrictly\":false,\"params\":{},\"roleId\":1,\"status\":\"1\"}', NULL, 1, 'The super administrator role is not allowed', '2023-02-06 23:03:03');
INSERT INTO `sys_oper_log` VALUES (303, '学生信息', 2, 'com.ruoyi.admin.test.controller.TestStudentController.update()', 'PUT', 1, 'admin', NULL, '/test/testStudent/6', '127.0.0.1', '内网IP', '6 {\"studentAge\":23,\"studentName\":\"李四1\",\"studentSex\":\"0\",\"studentStatus\":\"0\"}', '{\"code\":200,\"message\":\"操作成功\"}', 0, NULL, '2023-02-08 21:42:09');
INSERT INTO `sys_oper_log` VALUES (304, '学生信息1', 2, 'com.ruoyi.admin.test.controller.TestStudentController.update()', 'PUT', 1, 'admin', NULL, '/test/testStudent/6', '127.0.0.1', '内网IP', '6 {\"studentAge\":23,\"studentName\":\"李四2\",\"studentSex\":\"0\",\"studentStatus\":\"0\"}', '{\"code\":200,\"message\":\"操作成功\"}', 0, NULL, '2023-02-08 21:59:41');
INSERT INTO `sys_oper_log` VALUES (305, '操作日志', 5, 'com.ruoyi.web.controller.monitor.SysOperlogController.export()', 'POST', 1, 'admin', NULL, '/monitor/operlog/export', '127.0.0.1', '内网IP', '{\"params\":{}}', NULL, 0, NULL, '2023-02-08 22:02:54');
INSERT INTO `sys_oper_log` VALUES (306, '代码生成', 8, 'com.ruoyi.generator.controller.GenController.genCode()', 'GET', 1, 'admin', NULL, '/tool/gen/genCode/test_student', '127.0.0.1', '内网IP', '{}', '{\"msg\":\"操作成功\",\"code\":200}', 0, NULL, '2023-02-08 22:51:51');
INSERT INTO `sys_oper_log` VALUES (307, '学生信息', 2, 'com.ruoyi.admin.test.controller.TestStudentController.update()', 'PUT', 1, 'admin', NULL, '/test/testStudent/6', '127.0.0.1', '内网IP', '6 {\"studentAge\":23,\"studentHobby\":0,\"studentName\":\"李四\",\"studentSex\":0,\"studentStatus\":0}', '{\"code\":200,\"message\":\"操作成功\"}', 0, NULL, '2023-02-08 22:54:32');
INSERT INTO `sys_oper_log` VALUES (308, '部门管理', 2, 'com.ruoyi.web.controller.system.SysDeptController.edit()', 'PUT', 1, 'admin', NULL, '/system/dept', '127.0.0.1', '内网IP', '{\"ancestors\":\"0\",\"children\":[],\"deptId\":100,\"deptName\":\"运捷迅\",\"email\":\"\",\"leader\":\"\",\"orderNum\":0,\"params\":{},\"parentId\":0,\"phone\":\"15888888888\",\"status\":\"0\",\"updateBy\":\"admin\"}', '{\"msg\":\"操作成功\",\"code\":200}', 0, NULL, '2023-02-08 23:21:08');
INSERT INTO `sys_oper_log` VALUES (309, '部门管理', 2, 'com.ruoyi.web.controller.system.SysDeptController.edit()', 'PUT', 1, 'admin', NULL, '/system/dept', '127.0.0.1', '内网IP', '{\"ancestors\":\"0,100\",\"children\":[],\"deptId\":102,\"deptName\":\"广州分公司\",\"email\":\"\",\"leader\":\"\",\"orderNum\":2,\"params\":{},\"parentId\":100,\"parentName\":\"运捷迅\",\"phone\":\"15888888888\",\"status\":\"0\",\"updateBy\":\"admin\"}', '{\"msg\":\"操作成功\",\"code\":200}', 0, NULL, '2023-02-08 23:21:27');
INSERT INTO `sys_oper_log` VALUES (310, '参数管理', 2, 'com.ruoyi.web.controller.system.SysConfigController.edit()', 'PUT', 1, 'admin', NULL, '/system/config', '127.0.0.1', '内网IP', '{\"configId\":5,\"configKey\":\"sys.account.registerUser\",\"configName\":\"账号自助-是否开启用户注册功能\",\"configType\":\"Y\",\"configValue\":\"true\",\"createBy\":\"admin\",\"createTime\":\"2023-01-05 20:54:09\",\"params\":{},\"remark\":\"是否开启注册用户功能（true开启，false关闭）\",\"updateBy\":\"admin\"}', '{\"msg\":\"操作成功\",\"code\":200}', 0, NULL, '2023-02-08 23:23:46');
INSERT INTO `sys_oper_log` VALUES (311, '菜单管理', 2, 'com.ruoyi.web.controller.system.SysMenuController.edit()', 'PUT', 1, 'admin', NULL, '/system/menu', '127.0.0.1', '内网IP', '{\"children\":[],\"createTime\":\"2023-01-10 20:44:12\",\"icon\":\"table\",\"isCache\":\"0\",\"isFrame\":\"1\",\"menuId\":2012,\"menuName\":\"生成示例\",\"menuType\":\"M\",\"orderNum\":4,\"params\":{},\"parentId\":0,\"path\":\"test\",\"perms\":\"\",\"status\":\"0\",\"updateBy\":\"admin\",\"visible\":\"0\"}', '{\"msg\":\"操作成功\",\"code\":200}', 0, NULL, '2023-02-08 23:26:26');

-- ----------------------------
-- Table structure for sys_post
-- ----------------------------
DROP TABLE IF EXISTS `sys_post`;
CREATE TABLE `sys_post`  (
  `post_id` bigint(20) NOT NULL AUTO_INCREMENT COMMENT '岗位ID',
  `post_code` varchar(64) CHARACTER SET utf8mb4 COLLATE utf8mb4_general_ci NOT NULL COMMENT '岗位编码',
  `post_name` varchar(50) CHARACTER SET utf8mb4 COLLATE utf8mb4_general_ci NOT NULL COMMENT '岗位名称',
  `post_sort` int(4) NOT NULL COMMENT '显示顺序',
  `status` char(1) CHARACTER SET utf8mb4 COLLATE utf8mb4_general_ci NOT NULL COMMENT '状态（0正常 1停用）',
  `create_by` varchar(64) CHARACTER SET utf8mb4 COLLATE utf8mb4_general_ci NULL DEFAULT '' COMMENT '创建者',
  `create_time` datetime(0) NULL DEFAULT NULL COMMENT '创建时间',
  `update_by` varchar(64) CHARACTER SET utf8mb4 COLLATE utf8mb4_general_ci NULL DEFAULT '' COMMENT '更新者',
  `update_time` datetime(0) NULL DEFAULT NULL COMMENT '更新时间',
  `remark` varchar(500) CHARACTER SET utf8mb4 COLLATE utf8mb4_general_ci NULL DEFAULT NULL COMMENT '备注',
  PRIMARY KEY (`post_id`) USING BTREE
) ENGINE = InnoDB AUTO_INCREMENT = 5 CHARACTER SET = utf8mb4 COLLATE = utf8mb4_general_ci COMMENT = '岗位信息表' ROW_FORMAT = Dynamic;

-- ----------------------------
-- Records of sys_post
-- ----------------------------
INSERT INTO `sys_post` VALUES (1, 'ceo', '董事长', 1, '0', 'admin', '2023-01-05 20:54:08', '', NULL, '');
INSERT INTO `sys_post` VALUES (2, 'se', '项目经理', 2, '0', 'admin', '2023-01-05 20:54:08', '', NULL, '');
INSERT INTO `sys_post` VALUES (3, 'hr', '人力资源', 3, '0', 'admin', '2023-01-05 20:54:08', '', NULL, '');
INSERT INTO `sys_post` VALUES (4, 'user', '普通员工', 4, '0', 'admin', '2023-01-05 20:54:08', '', NULL, '');

-- ----------------------------
-- Table structure for sys_role
-- ----------------------------
DROP TABLE IF EXISTS `sys_role`;
CREATE TABLE `sys_role`  (
  `role_id` bigint(20) NOT NULL AUTO_INCREMENT COMMENT '角色ID',
  `role_name` varchar(30) CHARACTER SET utf8mb4 COLLATE utf8mb4_general_ci NOT NULL COMMENT '角色名称',
  `role_key` varchar(100) CHARACTER SET utf8mb4 COLLATE utf8mb4_general_ci NOT NULL COMMENT '角色权限字符串',
  `role_sort` int(4) NOT NULL COMMENT '显示顺序',
  `data_scope` char(1) CHARACTER SET utf8mb4 COLLATE utf8mb4_general_ci NULL DEFAULT '1' COMMENT '数据范围（1：全部数据权限 2：自定数据权限 3：本部门数据权限 4：本部门及以下数据权限）',
  `menu_check_strictly` tinyint(1) NULL DEFAULT 1 COMMENT '菜单树选择项是否关联显示',
  `dept_check_strictly` tinyint(1) NULL DEFAULT 1 COMMENT '部门树选择项是否关联显示',
  `status` char(1) CHARACTER SET utf8mb4 COLLATE utf8mb4_general_ci NOT NULL COMMENT '角色状态（0正常 1停用）',
  `del_flag` char(1) CHARACTER SET utf8mb4 COLLATE utf8mb4_general_ci NULL DEFAULT '0' COMMENT '删除标志（0代表存在 2代表删除）',
  `create_by` varchar(64) CHARACTER SET utf8mb4 COLLATE utf8mb4_general_ci NULL DEFAULT '' COMMENT '创建者',
  `create_time` datetime(0) NULL DEFAULT NULL COMMENT '创建时间',
  `update_by` varchar(64) CHARACTER SET utf8mb4 COLLATE utf8mb4_general_ci NULL DEFAULT '' COMMENT '更新者',
  `update_time` datetime(0) NULL DEFAULT NULL COMMENT '更新时间',
  `remark` varchar(500) CHARACTER SET utf8mb4 COLLATE utf8mb4_general_ci NULL DEFAULT NULL COMMENT '备注',
  PRIMARY KEY (`role_id`) USING BTREE
) ENGINE = InnoDB AUTO_INCREMENT = 3 CHARACTER SET = utf8mb4 COLLATE = utf8mb4_general_ci COMMENT = '角色信息表' ROW_FORMAT = Dynamic;

-- ----------------------------
-- Records of sys_role
-- ----------------------------
INSERT INTO `sys_role` VALUES (1, '超级管理员', 'admin', 1, '1', 1, 1, '0', '0', 'admin', '2023-01-05 20:54:08', '', NULL, '超级管理员');
INSERT INTO `sys_role` VALUES (2, '普通角色', 'common', 2, '3', 0, 0, '0', '0', 'admin', '2023-01-05 20:54:08', 'admin', '2023-02-06 23:00:34', '普通角色');

-- ----------------------------
-- Table structure for sys_role_dept
-- ----------------------------
DROP TABLE IF EXISTS `sys_role_dept`;
CREATE TABLE `sys_role_dept`  (
  `role_id` bigint(20) NOT NULL COMMENT '角色ID',
  `dept_id` bigint(20) NOT NULL COMMENT '部门ID',
  PRIMARY KEY (`role_id`, `dept_id`) USING BTREE
) ENGINE = InnoDB CHARACTER SET = utf8mb4 COLLATE = utf8mb4_general_ci COMMENT = '角色和部门关联表' ROW_FORMAT = Dynamic;

-- ----------------------------
-- Records of sys_role_dept
-- ----------------------------

-- ----------------------------
-- Table structure for sys_role_menu
-- ----------------------------
DROP TABLE IF EXISTS `sys_role_menu`;
CREATE TABLE `sys_role_menu`  (
  `role_id` bigint(20) NOT NULL COMMENT '角色ID',
  `menu_id` bigint(20) NOT NULL COMMENT '菜单ID',
  PRIMARY KEY (`role_id`, `menu_id`) USING BTREE
) ENGINE = InnoDB CHARACTER SET = utf8mb4 COLLATE = utf8mb4_general_ci COMMENT = '角色和菜单关联表' ROW_FORMAT = Dynamic;

-- ----------------------------
-- Records of sys_role_menu
-- ----------------------------
INSERT INTO `sys_role_menu` VALUES (2, 1);
INSERT INTO `sys_role_menu` VALUES (2, 2);
INSERT INTO `sys_role_menu` VALUES (2, 3);
INSERT INTO `sys_role_menu` VALUES (2, 100);
INSERT INTO `sys_role_menu` VALUES (2, 101);
INSERT INTO `sys_role_menu` VALUES (2, 102);
INSERT INTO `sys_role_menu` VALUES (2, 103);
INSERT INTO `sys_role_menu` VALUES (2, 104);
INSERT INTO `sys_role_menu` VALUES (2, 105);
INSERT INTO `sys_role_menu` VALUES (2, 106);
INSERT INTO `sys_role_menu` VALUES (2, 107);
INSERT INTO `sys_role_menu` VALUES (2, 108);
INSERT INTO `sys_role_menu` VALUES (2, 109);
INSERT INTO `sys_role_menu` VALUES (2, 110);
INSERT INTO `sys_role_menu` VALUES (2, 111);
INSERT INTO `sys_role_menu` VALUES (2, 112);
INSERT INTO `sys_role_menu` VALUES (2, 113);
INSERT INTO `sys_role_menu` VALUES (2, 114);
INSERT INTO `sys_role_menu` VALUES (2, 115);
INSERT INTO `sys_role_menu` VALUES (2, 116);
INSERT INTO `sys_role_menu` VALUES (2, 117);
INSERT INTO `sys_role_menu` VALUES (2, 500);
INSERT INTO `sys_role_menu` VALUES (2, 501);
INSERT INTO `sys_role_menu` VALUES (2, 1000);
INSERT INTO `sys_role_menu` VALUES (2, 1001);
INSERT INTO `sys_role_menu` VALUES (2, 1002);
INSERT INTO `sys_role_menu` VALUES (2, 1003);
INSERT INTO `sys_role_menu` VALUES (2, 1004);
INSERT INTO `sys_role_menu` VALUES (2, 1005);
INSERT INTO `sys_role_menu` VALUES (2, 1006);
INSERT INTO `sys_role_menu` VALUES (2, 1007);
INSERT INTO `sys_role_menu` VALUES (2, 1008);
INSERT INTO `sys_role_menu` VALUES (2, 1009);
INSERT INTO `sys_role_menu` VALUES (2, 1010);
INSERT INTO `sys_role_menu` VALUES (2, 1011);
INSERT INTO `sys_role_menu` VALUES (2, 1012);
INSERT INTO `sys_role_menu` VALUES (2, 1013);
INSERT INTO `sys_role_menu` VALUES (2, 1014);
INSERT INTO `sys_role_menu` VALUES (2, 1015);
INSERT INTO `sys_role_menu` VALUES (2, 1016);
INSERT INTO `sys_role_menu` VALUES (2, 1017);
INSERT INTO `sys_role_menu` VALUES (2, 1018);
INSERT INTO `sys_role_menu` VALUES (2, 1019);
INSERT INTO `sys_role_menu` VALUES (2, 1020);
INSERT INTO `sys_role_menu` VALUES (2, 1021);
INSERT INTO `sys_role_menu` VALUES (2, 1022);
INSERT INTO `sys_role_menu` VALUES (2, 1023);
INSERT INTO `sys_role_menu` VALUES (2, 1024);
INSERT INTO `sys_role_menu` VALUES (2, 1025);
INSERT INTO `sys_role_menu` VALUES (2, 1026);
INSERT INTO `sys_role_menu` VALUES (2, 1027);
INSERT INTO `sys_role_menu` VALUES (2, 1028);
INSERT INTO `sys_role_menu` VALUES (2, 1029);
INSERT INTO `sys_role_menu` VALUES (2, 1030);
INSERT INTO `sys_role_menu` VALUES (2, 1031);
INSERT INTO `sys_role_menu` VALUES (2, 1032);
INSERT INTO `sys_role_menu` VALUES (2, 1033);
INSERT INTO `sys_role_menu` VALUES (2, 1034);
INSERT INTO `sys_role_menu` VALUES (2, 1035);
INSERT INTO `sys_role_menu` VALUES (2, 1036);
INSERT INTO `sys_role_menu` VALUES (2, 1037);
INSERT INTO `sys_role_menu` VALUES (2, 1038);
INSERT INTO `sys_role_menu` VALUES (2, 1039);
INSERT INTO `sys_role_menu` VALUES (2, 1040);
INSERT INTO `sys_role_menu` VALUES (2, 1041);
INSERT INTO `sys_role_menu` VALUES (2, 1042);
INSERT INTO `sys_role_menu` VALUES (2, 1043);
INSERT INTO `sys_role_menu` VALUES (2, 1044);
INSERT INTO `sys_role_menu` VALUES (2, 1045);
INSERT INTO `sys_role_menu` VALUES (2, 1046);
INSERT INTO `sys_role_menu` VALUES (2, 1047);
INSERT INTO `sys_role_menu` VALUES (2, 1048);
INSERT INTO `sys_role_menu` VALUES (2, 1049);
INSERT INTO `sys_role_menu` VALUES (2, 1050);
INSERT INTO `sys_role_menu` VALUES (2, 1051);
INSERT INTO `sys_role_menu` VALUES (2, 1052);
INSERT INTO `sys_role_menu` VALUES (2, 1053);
INSERT INTO `sys_role_menu` VALUES (2, 1054);
INSERT INTO `sys_role_menu` VALUES (2, 1055);
INSERT INTO `sys_role_menu` VALUES (2, 1056);
INSERT INTO `sys_role_menu` VALUES (2, 1057);
INSERT INTO `sys_role_menu` VALUES (2, 1058);
INSERT INTO `sys_role_menu` VALUES (2, 1059);
INSERT INTO `sys_role_menu` VALUES (2, 1060);
INSERT INTO `sys_role_menu` VALUES (2, 2012);
INSERT INTO `sys_role_menu` VALUES (2, 2025);
INSERT INTO `sys_role_menu` VALUES (2, 2026);
INSERT INTO `sys_role_menu` VALUES (2, 2027);
INSERT INTO `sys_role_menu` VALUES (2, 2028);
INSERT INTO `sys_role_menu` VALUES (2, 2029);
INSERT INTO `sys_role_menu` VALUES (2, 2030);

-- ----------------------------
-- Table structure for sys_user
-- ----------------------------
DROP TABLE IF EXISTS `sys_user`;
CREATE TABLE `sys_user`  (
  `user_id` bigint(20) NOT NULL AUTO_INCREMENT COMMENT '用户ID',
  `dept_id` bigint(20) NULL DEFAULT NULL COMMENT '部门ID',
  `user_name` varchar(30) CHARACTER SET utf8mb4 COLLATE utf8mb4_general_ci NOT NULL COMMENT '用户账号',
  `nick_name` varchar(30) CHARACTER SET utf8mb4 COLLATE utf8mb4_general_ci NOT NULL COMMENT '用户昵称',
  `user_type` varchar(2) CHARACTER SET utf8mb4 COLLATE utf8mb4_general_ci NULL DEFAULT '00' COMMENT '用户类型（00系统用户）',
  `email` varchar(50) CHARACTER SET utf8mb4 COLLATE utf8mb4_general_ci NULL DEFAULT '' COMMENT '用户邮箱',
  `phonenumber` varchar(11) CHARACTER SET utf8mb4 COLLATE utf8mb4_general_ci NULL DEFAULT '' COMMENT '手机号码',
  `sex` char(1) CHARACTER SET utf8mb4 COLLATE utf8mb4_general_ci NULL DEFAULT '0' COMMENT '用户性别（0男 1女 2未知）',
  `avatar` varchar(100) CHARACTER SET utf8mb4 COLLATE utf8mb4_general_ci NULL DEFAULT '' COMMENT '头像地址',
  `password` varchar(100) CHARACTER SET utf8mb4 COLLATE utf8mb4_general_ci NULL DEFAULT '' COMMENT '密码',
  `status` char(1) CHARACTER SET utf8mb4 COLLATE utf8mb4_general_ci NULL DEFAULT '0' COMMENT '帐号状态（0正常 1停用）',
  `del_flag` char(1) CHARACTER SET utf8mb4 COLLATE utf8mb4_general_ci NULL DEFAULT '0' COMMENT '删除标志（0代表存在 2代表删除）',
  `login_ip` varchar(128) CHARACTER SET utf8mb4 COLLATE utf8mb4_general_ci NULL DEFAULT '' COMMENT '最后登录IP',
  `login_date` datetime(0) NULL DEFAULT NULL COMMENT '最后登录时间',
  `create_by` varchar(64) CHARACTER SET utf8mb4 COLLATE utf8mb4_general_ci NULL DEFAULT '' COMMENT '创建者',
  `create_time` datetime(0) NULL DEFAULT NULL COMMENT '创建时间',
  `update_by` varchar(64) CHARACTER SET utf8mb4 COLLATE utf8mb4_general_ci NULL DEFAULT '' COMMENT '更新者',
  `update_time` datetime(0) NULL DEFAULT NULL COMMENT '更新时间',
  `remark` varchar(500) CHARACTER SET utf8mb4 COLLATE utf8mb4_general_ci NULL DEFAULT NULL COMMENT '备注',
  PRIMARY KEY (`user_id`) USING BTREE
) ENGINE = InnoDB AUTO_INCREMENT = 102 CHARACTER SET = utf8mb4 COLLATE = utf8mb4_general_ci COMMENT = '用户信息表' ROW_FORMAT = Dynamic;

-- ----------------------------
-- Records of sys_user
-- ----------------------------
INSERT INTO `sys_user` VALUES (1, 103, 'admin', '若依', '00', 'ry@163.com', '15888888888', '1', '', '$2a$10$7JB720yubVSZvUI0rEqK/.VqGOZTH.ulu33dHOiBE8ByOhJIrdAu2', '0', '0', '127.0.0.1', '2023-02-08 23:37:42', 'admin', '2023-01-05 20:54:08', '', '2023-02-08 23:37:42', '管理员');
INSERT INTO `sys_user` VALUES (2, 105, 'ry', '若依', '00', 'ry@qq.com', '15666666666', '1', '', '$2a$10$Lojoq2PLM.pr4MSp2b2nAuu8/0BGjXs873NDNZj5PX5.U5DfaFk/S', '0', '0', '127.0.0.1', '2023-02-06 23:00:02', 'admin', '2023-01-05 20:54:08', 'admin', '2023-02-06 23:00:01', '测试员');
INSERT INTO `sys_user` VALUES (100, NULL, '测试', 'test', '00', '', '', '0', '', '$2a$10$fCq6Ofd1H5SOtFugU7dtfuLCg.QV32TCWEcCLCQtRSV/Az4H/aZKy', '0', '2', '127.0.0.1', '2023-01-05 22:43:38', 'admin', '2023-01-05 22:42:33', 'admin', '2023-01-05 22:43:38', NULL);
INSERT INTO `sys_user` VALUES (101, 105, 'test', '测试', '00', '', '', '0', '', '$2a$10$LMHf25M9P4BB7FktJjEHLebYvvxyYBM59T6NVGhjgtzhzPiHIWiXa', '1', '2', '127.0.0.1', '2023-01-10 22:44:49', 'admin', '2023-01-05 22:44:59', 'admin', '2023-02-06 22:08:54', NULL);

-- ----------------------------
-- Table structure for sys_user_post
-- ----------------------------
DROP TABLE IF EXISTS `sys_user_post`;
CREATE TABLE `sys_user_post`  (
  `user_id` bigint(20) NOT NULL COMMENT '用户ID',
  `post_id` bigint(20) NOT NULL COMMENT '岗位ID',
  PRIMARY KEY (`user_id`, `post_id`) USING BTREE
) ENGINE = InnoDB CHARACTER SET = utf8mb4 COLLATE = utf8mb4_general_ci COMMENT = '用户与岗位关联表' ROW_FORMAT = Dynamic;

-- ----------------------------
-- Records of sys_user_post
-- ----------------------------
INSERT INTO `sys_user_post` VALUES (1, 1);
INSERT INTO `sys_user_post` VALUES (2, 2);

-- ----------------------------
-- Table structure for sys_user_role
-- ----------------------------
DROP TABLE IF EXISTS `sys_user_role`;
CREATE TABLE `sys_user_role`  (
  `user_id` bigint(20) NOT NULL COMMENT '用户ID',
  `role_id` bigint(20) NOT NULL COMMENT '角色ID',
  PRIMARY KEY (`user_id`, `role_id`) USING BTREE
) ENGINE = InnoDB CHARACTER SET = utf8mb4 COLLATE = utf8mb4_general_ci COMMENT = '用户和角色关联表' ROW_FORMAT = Dynamic;

-- ----------------------------
-- Records of sys_user_role
-- ----------------------------
INSERT INTO `sys_user_role` VALUES (1, 1);
INSERT INTO `sys_user_role` VALUES (2, 2);
INSERT INTO `sys_user_role` VALUES (101, 2);

-- ----------------------------
-- Table structure for test_student
-- ----------------------------
DROP TABLE IF EXISTS `test_student`;
CREATE TABLE `test_student`  (
  `id` int(11) NOT NULL AUTO_INCREMENT COMMENT '编号',
  `student_name` varchar(30) CHARACTER SET utf8mb4 COLLATE utf8mb4_general_ci NOT NULL DEFAULT '' COMMENT '学生名称',
  `student_age` int(3) NULL DEFAULT NULL COMMENT '年龄',
  `student_hobby` tinyint(1) NULL DEFAULT NULL COMMENT '爱好（0代码 1音乐 2电影）',
  `student_sex` tinyint(1) NOT NULL DEFAULT 0 COMMENT '性别（0男 1女 2未知）',
  `student_status` tinyint(1) NOT NULL DEFAULT 0 COMMENT '状态（0正常 1停用）',
  `student_birthday` datetime(0) NULL DEFAULT NULL COMMENT '生日',
  `create_time` datetime(0) NOT NULL COMMENT '创建时间',
  `update_time` datetime(0) NULL DEFAULT NULL COMMENT '更新时间',
  `delete_time` datetime(0) NULL DEFAULT NULL COMMENT '删除时间',
  `create_by` varchar(100) CHARACTER SET utf8mb4 COLLATE utf8mb4_general_ci NULL DEFAULT NULL COMMENT '创建人',
  `update_by` varchar(100) CHARACTER SET utf8mb4 COLLATE utf8mb4_general_ci NULL DEFAULT NULL COMMENT '更新人',
  PRIMARY KEY (`id`) USING BTREE
) ENGINE = InnoDB AUTO_INCREMENT = 7 CHARACTER SET = utf8mb4 COLLATE = utf8mb4_general_ci COMMENT = '学生信息表' ROW_FORMAT = Dynamic;

-- ----------------------------
-- Records of test_student
-- ----------------------------
INSERT INTO `test_student` VALUES (1, '张三22', 12, NULL, 1, 1, '2023-01-06 00:00:00', '2023-01-09 18:17:27', '2023-01-10 22:10:24', NULL, NULL, NULL);
INSERT INTO `test_student` VALUES (3, '1', 1, NULL, 0, 0, '2023-01-10 00:00:00', '2023-01-09 18:17:32', '2023-01-10 22:45:10', '2023-01-10 22:45:10', NULL, NULL);
INSERT INTO `test_student` VALUES (5, '12', 3, NULL, 0, 0, NULL, '2023-01-10 22:44:08', '2023-02-06 20:48:28', NULL, NULL, 'admin');
INSERT INTO `test_student` VALUES (6, '李四', 23, 0, 0, 0, NULL, '2023-02-06 20:48:44', '2023-02-08 22:54:32', NULL, 'admin', 'admin');

SET FOREIGN_KEY_CHECKS = 1;
